0.05984292659 0.0735415911 0.1015322177 0.1532412631 0.2393037605 0.3676849405 0.5379389313 0.7359078426 0.9324650648 1.089108099 1.169838498 1.154540165 1.047100852 0.873812006 0.6729434191 0.4811223546 0.3230762549 0.2083065154 0.1339933873 0.09078710277 0.06812725628 0.05737348408 0.05274501596 0.05376655345
0.9403942691 0.8350112733 0.6834332939 0.5177968948 0.3661878941 0.2455980844 0.1607427774 0.1073849068 0.07721519221 0.06181290159 0.0546928127 0.05170624469 0.05403193406 0.06029033457 0.07403682068 0.1013873247 0.150546382 0.2300563086 0.3451084824 0.4926765315 0.6577469096 0.8136431764 0.9281923448 0.9743155809
0.05823653898 0.05312224319 0.05282695981 0.05752228158 0.06831938938 0.09083230116 0.1332967725 0.2055191763 0.3157487165 0.4656137047 0.6448945622 0.8293303571 0.9844039024 1.075366558 1.079805269 0.9965913363 0.8463452545 0.6631570458 0.4820892931 0.3286806033 0.2145020956 0.1388725379 0.09394355474 0.06988631181
0.8355976213 0.8596981637 0.8137963952 0.7094221174 0.5710517635 0.4268163046 0.2994077574 0.2010851165 0.1337654385 0.09250494936 0.06973992941 0.05839040924 0.05326401501 0.0516290082 0.05444836338 0.06111753994 0.07543013087 0.1032377811 0.1520053039 0.2288780356 0.3370930866 0.4717158343 0.6169549307 0.7476034511
0.298716049 0.4446971378 0.6232652267 0.8120415939 0.9771141503 1.082331544 1.102050632 1.031263264 0.8876563683 0.7044518566 0.5179731853 0.3562638159 0.2334433044 0.1505632951 0.1004555079 0.07316909783 0.05973735761 0.05374545491 0.05242383678 0.05654447489 0.06617251994 0.08657733343 0.1257142879 0.1934415925
0.08446193225 0.06542720591 0.05632071756 0.05237015608 0.05275417923 0.0572495449 0.06746468452 0.08850722314 0.1277061 0.1935157219 0.2925913451 0.42530347 0.5813997098 0.7386388202 0.8667575257 0.9365969722 0.930827364 0.8509157013 0.7165216682 0.5576602892 0.4038861522 0.275779964 0.181837417 0.1204568832
0.3130305779 0.2005457361 0.1288609738 0.08780831012 0.06658990323 0.05666241828 0.05244878915 0.05450880193 0.06163291718 0.07746929869 0.1093660239 0.1674247942 0.262575451 0.4022069049 0.5840895461 0.7912449452 0.9915445358 1.144589922 1.214644763 1.18414078 1.060815541 0.8745335083 0.6655681827 0.4706060101
0.0909414052 0.1329550391 0.2038346808 0.3110941811 0.4555753826 0.6266037136 0.8002650905 0.9434772501 1.023831265 1.021438662 0.9369078712 0.7910936467 0.6167599146 0.4466949003 0.3041239309 0.1989930349 0.1299498814 0.08926459634 0.06764882939 0.05726042641 0.05273363048 0.05289275328 0.05764534443 0.06849328966
0.2379690788 0.360174323 0.518442972 0.6974989496 0.8691300604 0.9984143465 1.055020271 1.02472697 0.9152121311 0.7529002088 0.5726322436 0.4056560355 0.2715111651 0.1762677712 0.1158750358 0.08145434662 0.06374586036 0.05549787224 0.05201255989 0.05406875083 0.06045498099 0.07458764058 0.1029226911 0.1542553711
0.5288721796 0.3837180102 0.2628487673 0.1742493394 0.1163817187 0.08245894145 0.06452618822 0.05594977356 0.05223038925 0.05260971854 0.05686723454 0.06653870662 0.08645462732 0.1235419663 0.185784209 0.2794535345 0.4048719659 0.5523195579 0.7007586342 0.8215982703 0.8873249015 0.8816263168 0.8059514361 0.678913655
0.2707060947 0.1735490374 0.1132988562 0.07968136113 0.06273805791 0.05500327163 0.05200097868 0.05551697869 0.06392167868 0.0821523974 0.1179620659 0.1814774393 0.2827916283 0.4272375665 0.6094921095 0.80945921 0.9935097569 1.12280254 1.166412386 1.113312586 0.9768911131 0.7894825619 0.5899562983 0.410845041
0.565643302 0.7322140149 0.8760823598 0.9654982431 0.9785881503 0.9120257019 0.7824006947 0.6195196796 0.4553220022 0.3140116419 0.2073901075 0.1358743063 0.09288254048 0.06959878849 0.05819802809 0.05313849205 0.05226418404 0.05608459024 0.06496519588 0.08368720119 0.1194031064 0.1808652516 0.2758401922 0.4067053145
1.071234825 1.194109699 1.223116583 1.150895599 0.9955457628 0.7932765401 0.5847487194 0.402111765 0.2621987274 0.1670405809 0.1090828747 0.0772972076 0.06154267007 0.05446710126 0.05251151136 0.05682280007 0.06696373966 0.08860219559 0.1303958944 0.2032453094 0.3173449375 0.4768626878 0.6737863684 0.8842861237
0.05494373154 0.05179740634 0.05425111153 0.06084930385 0.07534152234 0.1041745089 0.1559958159 0.2398077393 0.3610789078 0.5166149726 0.6905871613 0.8548764961 0.9755752138 1.024149567 0.9883633202 0.8772711132 0.717507503 0.5429420867 0.3831709304 0.2560960932 0.1666820023 0.1104601808 0.07867255966 0.06244500126
1.007778149 0.8378671252 0.6431608647 0.4587177086 0.3077542741 0.1987715034 0.1285896009 0.08799634913 0.06681318967 0.05680910152 0.05252383502 0.05382985779 0.05996464391 0.07372861416 0.1017147489 0.1531544391 0.2383184534 0.3646511262 0.5311684666 0.7234362359 0.9126353654 1.061322087 1.135133525 1.11563463
0.05392619573 0.05997990059 0.07321731205 0.09943438301 0.1463335917 0.2218137206 0.3304590045 0.4689984235 0.6229105828 0.7669564168 0.8711644182 0.9107934321 0.8758462897 0.7751551815 0.632765915 0.4786361405 0.3385458845 0.2277757169 0.1502447063 0.1017346973 0.07443620909 0.06056372793 0.05417957418 0.05151348571
0.05292240245 0.05777865042 0.06894959537 0.092250036 0.1362155655 0.2110184841 0.3252309328 0.4805763834 0.6665021908 0.8578867745 1.018942104 1.113595798 1.118530328 1.032490927 0.8768023448 0.6868047669 0.4988925183 0.3396075531 0.2210050186 0.1424143224 0.09570894177 0.07069162051 0.058572733 0.05325068994
0.68251227 0.5266675606 0.3787711459 0.2575406862 0.1699069225 0.1134040093 0.08068461227 0.06359114401 0.0555096352 0.05204418939 0.05303262541 0.0578981438 0.06882620398 0.09107068429 0.1320035346 0.1998527308 0.3006272025 0.4336394026 0.5874643483 0.7391401801 0.8587176803 0.9185958681 0.9038272979 0.8181636772
0.05359311943 0.05321222349 0.05855215677 0.07083900644 0.09647397497 0.1448580266 0.2272024846 0.3529681561 0.524084346 0.7289623665 0.9399533571 1.117628709 1.222208043 1.227933046 1.133347959 0.9618991039 0.7525173646 0.5453347465 0.3696479907 0.238788971 0.1520499311 0.1004870816 0.07286016039 0.05947348421
0.7337489925 0.8863117595 0.9862054452 1.009192065 0.9494384463 0.8219137426 0.6563139402 0.4858708138 0.3367804098 0.2226921623 0.1451759519 0.09800796389 0.07216311498 0.05936439592 0.05362126403 0.05207285371 0.05562674274 0.06397902624 0.0817854407 0.1161471306 0.1759868555 0.2696195106 0.4003870588 0.5616307642
0.612262927 0.8099993317 0.9901960596 1.114523121 1.153121187 1.096219495 0.9581421769 0.7714667807 0.5745782596 0.3990886201 0.262614339 0.1685170589 0.1104645235 0.07823266402 0.06206520043 0.05471898586 0.05208008821 0.05571089098 0.06435018315 0.0830021682 0.1194638672 0.1838156468 0.2859316978 0.4307125059
0.1379915332 0.09400394908 0.07014066834 0.05843699044 0.05323469019 0.0522565907 0.05607303678 0.06495858399 0.08372147104 0.119575125 0.1813811122 0.2770614086 0.4091576963 0.569946288 0.7389111944 0.8854095917 0.9771865605 0.9918164115 0.9255820209 0.7950044585 0.6301661204 0.4635017112 0.3197327708 0.2110354799
0.584036988 0.4143898054 0.2775582338 0.1800619753 0.1180361283 0.08257319012 0.06427290749 0.05572395306 0.05210092782 0.05399413527 0.06029072138 0.07426611913 0.1023704477 0.1534436184 0.237004723 0.3594089718 0.5185378554 0.6993635737 0.8736877675 1.006244092 1.06602962 1.03804205 0.929378701 0.7663213782
0.1225156742 0.1839023595 0.2762955559 0.4000219471 0.5455026515 0.6919898242 0.8112753392 0.876203126 0.8706601808 0.7960558576 0.6707415022 0.5226957273 0.3794458382 0.2601444041 0.1726826335 0.115551073 0.08205590001 0.06434721482 0.05587704048 0.05220333847 0.05257229682 0.05676942218 0.06630472862 0.08594239427
0.1202449556 0.1858899902 0.2905975758 0.4398759832 0.6282200862 0.8348584172 1.025036609 1.158618136 1.203651118 1.148748914 1.007753796 0.8140833924 0.60790351 0.4228283103 0.2780290234 0.1776447117 0.115395367 0.08066356124 0.06315920515 0.05516854353 0.05206842794 0.05570278369 0.06439013467 0.08323336154
0.4078872142 0.2736399067 0.1779039267 0.1169498961 0.08207357667 0.06406294681 0.05564334667 0.05207266246 0.05388306085 0.06001092091 0.07362138294 0.1010114965 0.150823615 0.2323844974 0.3519569509 0.5075447723 0.6845321321 0.8553878914 0.9855952929 1.044723586 1.017939601 0.912036305 0.7526423303 0.5741728459
0.1103829194 0.07830664839 0.06214490859 0.05476904593 0.05191881384 0.05528905496 0.06334303954 0.08080795855 0.1151032283 0.1759138733 0.2728825654 0.4110855151 0.5853964561 0.7765614855 0.9524033687 1.075794813 1.117214568 1.0661889 0.9355816385 0.7563406741 0.565621815 0.3944925275 0.2606491854 0.1678884392
0.3784518618 0.5274984793 0.6853363632 0.82368983 0.9123062203 0.929604829 0.8711928253 0.7516719943 0.598724808 0.4427412359 0.3072704256 0.2042427229 0.1346351867 0.09250389059 0.0695361 0.05821823411 0.05316410293 0.0520037827 0.05541540201 0.06339498509 0.08032391162 0.1128289303 0.1691421862 0.2567773277
1.061451968 1.070684817 0.9926913029 0.8468540818 0.6664808041 0.4865075606 0.332875567 0.2177762796 0.1410745718 0.0952475607 0.07057428065 0.05856220465 0.05326120428 0.05264612904 0.05707475493 0.06731184033 0.08877095788 0.129469646 0.1990827798 0.305967685 0.4522298105 0.6284886252 0.8114595688 0.9673399944
0.06965288415 0.05833671316 0.0532366436 0.05169142447 0.05460957209 0.06149741134 0.07624647496 0.1048369577 0.1548593538 0.2335153757 0.3439471084 0.4809207257 0.6281719639 0.7599832938 0.8479408263 0.8707760927 0.8226986706 0.7157743935 0.5750195379 0.4289267791 0.3003033068 0.201324529 0.1337304701 0.09240227756
1.165430167 1.054747464 0.8783290766 0.6750004783 0.4816077637 0.3227907264 0.2077979698 0.133541963 0.09047989674 0.06795169954 0.05728623545 0.05270665117 0.0539041052 0.06018025321 0.07429557061 0.1030673111 0.1560861083 0.244098155 0.3750242409 0.5481286871 0.7487129765 0.9469898327 1.103920099 1.18333763
0.07382640841 0.1009071925 0.1495476855 0.228161821 0.3418297574 0.4874978874 0.6502799008 0.8038120911 0.9163708899 0.9613308232 0.9273638219 0.8230629164 0.6734209813 0.5101288278 0.3608199799 0.2421630431 0.1587332233 0.106310076 0.07668956028 0.06157785695 0.05459670249 0.0516703061 0.05400139862 0.06020632684
0.07018148375 0.09455851538 0.1400408916 0.2165253356 0.3318722377 0.4866724008 0.6691425341 0.8534465534 1.004233807 1.087251475 1.081917028 0.9895868974 0.8329978691 0.6471943134 0.4668714979 0.3163300662 0.2057290543 0.133339435 0.09081905177 0.06829813077 0.05750726936 0.05281895877 0.05317389255 0.05836578941
0.8504574366 0.7956692357 0.6857489668 0.5460855254 0.4042900073 0.2815755514 0.1885345076 0.1258498417 0.08800868537 0.06743180957 0.05731700838 0.05281096921 0.05187195746 0.05504808309 0.06245915152 0.07814374559 0.1081844295 0.1600938652 0.2406561918 0.3521830945 0.488349857 0.6319732592 0.7571583046 0.8364329787
0.07036311235 0.05837863838 0.05315525303 0.05332426204 0.0587874725 0.07126004413 0.09707559313 0.145402311 0.2269511721 0.3503858345 0.5166990411 0.7136297145 0.9136667384 1.078721983 1.17145358 1.168912275 1.071744315 0.903925293 0.7031741367 0.5072666602 0.3429824128 0.2218086478 0.1422104079 0.09529458898
0.9658692473 0.9415970963 0.8443927458 0.6977886718 0.5334626004 0.3802355885 0.2564506808 0.1681245644 0.1118579576 0.07964711156 0.06300470946 0.05522096013 0.05191836638 0.05355813705 0.05917723456 0.07166369076 0.09680416683 0.1425482145 0.2174877414 0.3274146953 0.470540043 0.6334675432 0.7908964352 0.9110527601
0.4256973339 0.613095503 0.8224270246 1.019760111 1.164301277 1.221851001 1.177907846 1.043587903 0.8510699276 0.6411068836 0.4492023235 0.2967468174 0.1895858881 0.1222708102 0.08424646814 0.06485251874 0.0558954354 0.05214172209 0.05515863738 0.06315498068 0.0807027222 0.1155835631 0.1782166979 0.2794170138
0.1233583954 0.08564780154 0.06585430232 0.05645346522 0.0524041982 0.05324601635 0.05848859826 0.07031667871 0.09450418984 0.1392237644 0.2137161944 0.3249376358 0.4725792838 0.6444477218 0.8153332579 0.9518181278 1.022565346 1.009953235 0.9171871168 0.7669799536 0.5925411265 0.4257420248 0.2881652161 0.1881650985
0.3736329371 0.2457047759 0.1583132506 0.1048647254 0.07543526609 0.06079222068 0.05419099172 0.05217789689 0.05593678447 0.06481142035 0.08381999879 0.1206776209 0.1851828857 0.2866426168 0.4291365552 0.6059424242 0.7960972313 0.9664156461 1.080198748 1.109939302 1.048096261 0.9101918377 0.7284997015 0.5398188116
0.1202051003 0.1813237093 0.2748273144 0.402278761 0.5551906488 0.7130642315 0.846502887 0.9256903481 0.9311406292 0.8614679028 0.7339571922 0.5776159925 0.4225104291 0.2907079181 0.1923553433 0.1270528353 0.08817112241 0.06730663733 0.05718161154 0.05272748633 0.05236475042 0.05630425783 0.06538204499 0.08434991309
0.1736711261 0.2710434308 0.4115916263 0.591365496 0.7918126511 0.9803135658 1.11781478 1.17174452 1.128508174 0.9990397013 0.8143227309 0.6133789632 0.4300632973 0.2846619594 0.1826053082 0.1185820687 0.08246322842 0.0640638521 0.05557632822 0.05202359604 0.05499741804 0.06273002206 0.07967864626 0.1133272273
0.4751432584 0.3304303212 0.2192957664 0.1435402833 0.09730235025 0.07189264396 0.05927353175 0.05359520424 0.05194168358 0.05528402478 0.06316081209 0.08000074129 0.1125911224 0.169515697 0.2588664149 0.3840748114 0.5390466708 0.7052217973 0.8534480892 0.9516931346 0.9761709589 0.9206728668 0.7991181461 0.6398982115
0.1672136657 0.1104482296 0.07853122243 0.06232504824 0.05487290934 0.05176327273 0.05465115729 0.06181408712 0.07746444112 0.1084349691 0.1637905842 0.2528015593 0.3808016817 0.5438505966 0.7247686732 0.8938119986 1.01575716 1.061629841 1.01985494 0.9009879065 0.7333944536 0.5522858761 0.3878795741 0.2580196521
0.4190634522 0.5669785255 0.7127891989 0.8276958774 0.8851714244 0.8708672166 0.7884169407 0.6579415791 0.5080928343 0.3659196245 0.2494027604 0.1651906379 0.1109024348 0.0794702339 0.06305160634 0.05529024523 0.05196254262 0.0529199912 0.05760383737 0.06812239331 0.08953026613 0.1289178747 0.1941957561 0.291135433
0.8947629609 1.051957193 1.137664431 1.130617859 1.032609164 0.86775072 0.6728629744 0.4842057305 0.3270320668 0.211769256 0.1364556518 0.09228849671 0.06893139246 0.05775665233 0.05290869075 0.05337770426 0.05889104538 0.07141980375 0.09722909285 0.1453092772 0.2260322347 0.3475642034 0.5103632238 0.7018565223
0.05170416369 0.05346091613 0.05889134956 0.07090623127 0.09498992525 0.1386107163 0.2097308046 0.3135254516 0.4479127986 0.5999012487 0.7455253426 0.8551423427 0.903029068 0.8771541431 0.784075152 0.6462467889 0.493244176 0.3515723209 0.2377895295 0.1570243809 0.1058245886 0.07665015826 0.0616440888 0.05465631853
0.9805549253 0.7744881825 0.5662404792 0.3866698764 0.2509499577 0.1597748961 0.1048844865 0.07511467894 0.06051809556 0.05403160568 0.05282809965 0.05760928109 0.06873803311 0.09223143436 0.1371122271 0.2144575657 0.3341581088 0.4993634079 0.7003794511 0.9115239855 1.094478224 1.208945097 1.226949396 1.143916502
0.05176167523 0.05485062767 0.06222366632 0.07819268819 0.1095117807 0.164974322 0.2532966515 0.3789963264 0.5372853186 0.7105520742 0.8695250817 0.9805696713 1.017090226 0.9698490176 0.8507511285 0.6879843494 0.5152152535 0.3604769209 0.2396427106 0.1560167389 0.1042430603 0.07540068223 0.06088624325 0.05427014029
0.05768896939 0.06893277762 0.09266698842 0.1380037345 0.2161275537 0.3370210125 0.5038550481 0.7068286742 0.919998477 1.104669378 1.220161044 1.238246081 1.154329314 0.9893388091 0.7812693762 0.5710314787 0.3897676244 0.2527829705 0.1607675175 0.1053764128 0.07533778652 0.06061069865 0.0540667806 0.05285794184
0.8370086012 0.6753527972 0.5047808514 0.3526987998 0.2343956548 0.1528068666 0.1024596051 0.07449962106 0.06047189245 0.05409658937 0.05179780935 0.05493683802 0.06240753696 0.07853998443 0.1100832395 0.1657669005 0.2541488445 0.3794889856 0.5367055876 0.7079959467 0.8641633709 0.9720009244 1.005614231 0.9564947977
0.05754549205 0.05282532969 0.0533943082 0.05892156048 0.07146158684 0.09725135757 0.1452134293 0.2255955798 0.3463878567 0.5078663098 0.6973638245 0.8877021302 1.042115577 1.125390937 1.116846487 1.018654601 0.8549472399 0.6622056606 0.4761462992 0.3214885743 0.2082981533 0.1344756602 0.09125900935 0.06844325003
0.7494120365 0.8630841074 0.9151059482 0.8924314643 0.8008121906 0.6624343021 0.5072136148 0.362399447 0.245358726 0.161811591 0.108569605 0.07807949026 0.06232076285 0.05494786034 0.05181856456 0.05334986464 0.05864264215 0.07040785023 0.09410414849 0.137235465 0.2079203775 0.3116463754 0.4467552913 0.6006329383
0.6773634302 0.8559273087 0.9975540664 1.069632296 1.054187061 0.9551428291 0.7967084469 0.6137888317 0.4395949587 0.2964005333 0.1926268904 0.1255601202 0.08663661332 0.06625808751 0.05660320909 0.0524545512 0.05348688972 0.05909836261 0.07172799871 0.0974906012 0.1450007563 0.2239313685 0.3414474238 0.4969654792
0.1794930214 0.11985761 0.08449153623 0.06558629197 0.05644621123 0.05244004431 0.05228408763 0.05606895511 0.06475864693 0.08284812747 0.116912329 0.1747478676 0.262858781 0.3824156531 0.5251194574 0.6715207352 0.7941146987 0.865371636 0.8677165197 0.8005530578 0.6805092773 0.5347669675 0.3911190801 0.2696900869
0.752098584 0.5550839379 0.3825526969 0.2503959063 0.1605219839 0.1057878924 0.07577286458 0.06089724924 0.05421698963 0.05237514881 0.05645185289 0.06604019123 0.08649774928 0.1260070856 0.1948683562 0.3027111709 0.4534658702 0.6395499689 0.8384349987 1.015034019 1.131062511 1.158384508 1.090067538 0.9432316267
0.1908280724 0.290577773 0.4261432049 0.5882479652 0.7549251867 0.8949579851 0.976955011 0.9807084432 0.9052638316 0.769313174 0.6036908893 0.4400750711 0.3015130189 0.1984240231 0.1301640009 0.08962652818 0.06792768112 0.05742324287 0.05281316157 0.05256347885 0.0568192832 0.06660271722 0.08699568479 0.1254491627
0.08404477793 0.1211909777 0.1862482284 0.28865373 0.4325930215 0.6113546401 0.8038224117 0.9764718513 1.092141925 1.122884477 1.060905388 0.9217651759 0.7380499642 0.547017742 0.3785906967 0.2488245871 0.1601073652 0.1058076979 0.07588828612 0.06099117056 0.05427086703 0.05218834546 0.0559689229 0.06490072876
0.2899911097 0.1922378572 0.127155467 0.08830448807 0.06740460116 0.05723785611 0.05275478221 0.05227283031 0.0560722874 0.06484803836 0.08322900206 0.1180607877 0.1775874917 0.2689024807 0.3937357648 0.5440037163 0.6997812357 0.8322319858 0.9118574314 0.9190939891 0.8521018484 0.7275225327 0.5737806192 0.4206009787
0.08452488525 0.06500299055 0.05596698414 0.05217201783 0.0549983426 0.06277151758 0.07986692056 0.1139248685 0.1752220169 0.2745034408 0.4183806109 0.6032252338 0.8103939521 1.006548031 1.151301842 1.210479317 1.169179892 1.037856469 0.8480300644 0.6400327432 0.4492679305 0.2972772712 0.1901636587 0.122714012
0.3352929843 0.4864163847 0.6610017549 0.8329162796 0.9681626983 1.035497261 1.018105424 0.9204049267 0.7662283102 0.5894026566 0.4217972166 0.2845474108 0.1854211841 0.1215606086 0.0846093068 0.06531945201 0.05620618926 0.05230111465 0.05346570763 0.05902013725 0.07148650723 0.09684356702 0.1434685591 0.2206917739
1.126018289 1.192476666 1.160213439 1.037408989 0.8537465622 0.648787376 0.4582795224 0.3047850936 0.195519733 0.1260678633 0.08639250925 0.06593507973 0.0563859856 0.05234224912 0.05452660749 0.06165429402 0.07746189856 0.1092252089 0.1668998893 0.2611801306 0.3991591784 0.5783543989 0.7817431195 0.9775202979
0.06046226471 0.05411427647 0.05160100616 0.05441945538 0.06116544304 0.0758175259 0.104636735 0.1558245209 0.2375941703 0.354357369 0.5019389368 0.6641962392 0.8139518762 0.9196736387 0.9561040375 0.9140348913 0.8040774444 0.6523266462 0.4903314009 0.3446176038 0.2304135636 0.1511139628 0.1018662123 0.07434946321
1.011128114 0.8710787009 0.6919774118 0.5093948937 0.3508735671 0.2303488437 0.1489405099 0.09967826059 0.0728291675 0.05960163566 0.05369599883 0.0523512464 0.05635320298 0.06571154063 0.08556118865 0.1236656833 0.1896643708 0.2923469128 0.434875982 0.6094169018 0.7941865427 0.9560652963 1.059644854 1.079696487
0.06017271634 0.07349568017 0.09966730137 0.146091409 0.2201492404 0.3257445406 0.4589924458 0.6052072206 0.7398050663 0.834384692 0.8663253711 0.8275510904 0.7278381847 0.5908222881 0.4449249644 0.3139405086 0.2114466233 0.1403822896 0.09630940127 0.07171633081 0.05932041366 0.05366113195 0.05146193858 0.05403104181
0.06519970719 0.08460747253 0.1221167254 0.1875414412 0.290083657 0.433550965 0.6108090553 0.800478769 0.9691645341 1.080337632 1.107054359 1.042536612 0.9029571328 0.7208714809 0.532928583 0.368169061 0.2418511633 0.1558771844 0.1034775848 0.07472137609 0.06045935623 0.05405012775 0.05224781345 0.05610987064
0.8572226499 0.7266848802 0.5691717606 0.414558397 0.2842904601 0.1878077241 0.1241863442 0.08655155315 0.06648235095 0.05680242768 0.05256944996 0.05252490497 0.05669467121 0.0662459429 0.08608212002 0.1233450193 0.186452238 0.2823390202 0.4120721326 0.5664157767 0.7241171226 0.8553833938 0.9306461448 0.931316013
0.06564468116 0.05624379426 0.05228066715 0.05484633773 0.06242610394 0.07916001496 0.1126284926 0.1731083842 0.2714801239 0.4146811708 0.5995704568 0.8079924349 1.006836689 1.15545794 1.218901948 1.18121563 1.051945656 0.8622213326 0.6526096363 0.4591939536 0.3043043559 0.1946471381 0.125300411 0.08587701518
0.9505055175 1.02392783 1.014047937 0.9233773768 0.774163618 0.5995445708 0.4316810481 0.2926217472 0.1911530646 0.1251592352 0.08662737947 0.06633656706 0.05666879252 0.05249152396 0.05315001369 0.05826110773 0.06982876137 0.09355964594 0.1375799216 0.2111596139 0.3214184333 0.4683636238 0.6402010098 0.8120394158
0.3454727133 0.5106143823 0.7071871505 0.9081675493 1.075620205 1.171844087 1.173077933 1.079007973 0.9128971634 0.7122634663 0.5151938983 0.349067126 0.2259684464 0.1447615984 0.09670478865 0.07106793159 0.05869788864 0.05328652729 0.05320447773 0.05849940728 0.07063248212 0.09584012258 0.1432119339 0.2234717347
0.08087879534 0.06361200669 0.05549180888 0.05202787009 0.05335760707 0.05870287145 0.07064556261 0.09482520987 0.13907368 0.2119973518 0.3196484265 0.4607894868 0.6227593744 0.7808976189 0.9036352553 0.9624721013 0.9426851325 0.8492975175 0.7050132446 0.541273292 0.3872311496 0.2618671704 0.1718235091 0.1141106234
0.3096587338 0.2010812249 0.1304543472 0.08921208975 0.06749129305 0.05714093862 0.05266821081 0.05336501528 0.05882591747 0.07118674012 0.09654787637 0.1435981057 0.222252567 0.3401321132 0.4972572144 0.6810305189 0.8648446684 1.013009891 1.091641137 1.08118587 0.984301915 0.8247631924 0.6380065667 0.4584386463
0.07889414285 0.1095347309 0.1622696655 0.2437697231 0.3560841661 0.4925142534 0.6355245645 0.7590786853 0.835914311 0.8472369496 0.7901693475 0.6789356727 0.5391170655 0.398137542 0.2767881495 0.1852138911 0.12378256 0.08684831086 0.06684274618 0.05704595197 0.05269772645 0.05194140798 0.05521774708 0.06283455134
0.211097051 0.3292929873 0.493163442 0.6935751672 0.9053937739 1.090553338 1.208494734 1.230470766 1.150899981 0.9896626127 0.784053115 0.5748249584 0.3934258083 0.2556756287 0.1627364081 0.1065557816 0.07596697016 0.06091181528 0.05419666387 0.052723938 0.0573538096 0.06817017043 0.09109008841 0.135044573
0.6960039309 0.5233904548 0.3674938291 0.2448868497 0.1594866676 0.1062952038 0.07649189398 0.06141001135 0.0544977012 0.05165670337 0.05458413356 0.06160917141 0.07690770397 0.1070799407 0.1608209428 0.2469208147 0.3702527461 0.5266784909 0.6993662379 0.8596276084 0.9738731992 1.014874622 0.9722758868 0.8568304491
0.2069244229 0.1334544304 0.09061998049 0.06809512045 0.05737759314 0.0527529567 0.0535802221 0.05937783594 0.07248157569 0.09932672925 0.1490533908 0.2320488036 0.3562229723 0.5214321115 0.7142506829 0.9065965358 1.061002136 1.142092156 1.129687213 1.026940431 0.859039385 0.663200782 0.4753703272 0.3200617878
0.6041859672 0.7485792183 0.8559484312 0.901001454 0.872403226 0.7773957577 0.638827626 0.4862516139 0.3458130787 0.2335816002 0.1542731242 0.1042059646 0.07579011166 0.06123028617 0.05447568878 0.05163252707 0.05358349514 0.05917519522 0.07150083189 0.09611334951 0.1405168702 0.2126162138 0.3173804294 0.4523711578
0.8967344372 1.016342199 1.059360075 1.014923214 0.8942495592 0.7260524421 0.545474587 0.382348588 0.2540317467 0.1646391908 0.1089521884 0.07774586106 0.06195165195 0.05471182468 0.05173037426 0.05478860722 0.06212857674 0.07811524802 0.1096493141 0.1658245026 0.2558386329 0.3847994913 0.5483955379 0.7290393724
0.05500392114 0.05184623116 0.05311390261 0.05806470765 0.06911629335 0.09147154345 0.1323432809 0.1996365171 0.2988733935 0.4288356176 0.5777820232 0.7229609101 0.8353378672 0.8887928005 0.869944213 0.783576434 0.650672698 0.5001547838 0.3587573479 0.2438224992 0.1613582846 0.1085561252 0.07818081725 0.06241270097
1.007053141 0.8249933801 0.6243695244 0.4395975698 0.2918647318 0.187423279 0.1214627169 0.08401184533 0.06481536391 0.05590644149 0.05215511745 0.0546945424 0.06202392578 0.07818582579 0.1104709365 0.1687391898 0.26338944 0.400980688 0.5783539686 0.7779443543 0.9679158002 1.109348764 1.168939328 1.131696857
0.05513689772 0.06283084944 0.0793319782 0.1113703718 0.167518871 0.2559623892 0.3803693036 0.535001308 0.7016547824 0.8513527274 0.9519060647 0.9790313093 0.9258522478 0.8057232832 0.6467964237 0.4813413332 0.3353299735 0.222744875 0.1457181733 0.09854171179 0.0725303132 0.05957085695 0.05372105318 0.05188225251
0.05252317558 0.05681671562 0.0668552165 0.08814388727 0.1290036253 0.1997616255 0.309827746 0.4625741009 0.6495837485 0.84749726 1.020822877 1.131638802 1.152950371 1.079345426 0.9292204126 0.7373308559 0.5417737856 0.3720300238 0.2430006664 0.1558650747 0.1031469154 0.07441939355 0.06026888144 0.05395223592
0.7671724156 0.6004687224 0.4366991109 0.2986252052 0.1963014366 0.1287922465 0.08883737155 0.06752054584 0.05723397312 0.0527336166 0.0526601088 0.05705615473 0.06713042931 0.08806272296 0.1274039128 0.1940646514 0.2954049991 0.4325963591 0.5959208938 0.762935195 0.9021221382 0.9821484841 0.9832538756 0.9051572106
0.05252798942 0.05336261127 0.05879920908 0.07107376176 0.09619255137 0.1426687467 0.2201477007 0.3359238183 0.4897501943 0.6690036373 0.8474653411 0.9902901539 1.064713446 1.052204613 0.9559429193 0.7995087852 0.6175237956 0.4432990337 0.2994555312 0.1948087657 0.1269357199 0.08741042537 0.06664902196 0.0567813516
0.6657689753 0.7912527899 0.8666694943 0.8734889599 0.8099774118 0.6919113324 0.5462275322 0.4010897299 0.2773457555 0.1847370486 0.1230833868 0.08628120943 0.06648451983 0.0568549186 0.05260891398 0.05215474787 0.05575654493 0.0640753367 0.08149830201 0.1145129569 0.1709311571 0.2574726835 0.3757730063 0.5181669179
0.4995971009 0.6888154373 0.8807278262 1.038720568 1.127010247 1.123736105 1.029730738 0.8681771865 0.6753446713 0.487444536 0.3300644559 0.2141059956 0.1380080416 0.09319681444 0.06940495058 0.0579781981 0.05300212344 0.05321988936 0.05850496758 0.07056060223 0.09549152065 0.1421205524 0.220731662 0.3396030005
0.1638871587 0.1098583438 0.07879427118 0.06267707148 0.05510814531 0.05188381827 0.05321110664 0.05831263041 0.06969489497 0.09270712365 0.1347575571 0.2039529426 0.3059346066 0.4394049682 0.5922573129 0.7410998565 0.856134751 0.9106091098 0.8908832274 0.8019637348 0.6654454398 0.5110135339 0.3660597901 0.2483153247
0.5651626877 0.3848109186 0.2491527374 0.1584187518 0.1040199255 0.07463400442 0.0602812875 0.05392727622 0.05298221486 0.05799633273 0.06962339922 0.09407467072 0.1406014962 0.2204563239 0.3435096072 0.5125545745 0.7171678264 0.9307216331 1.114078551 1.226630683 1.240798023 1.15297964 0.985036021 0.7754719804
0.1692786979 0.2593059608 0.3861489496 0.5440983187 0.7147011788 0.8684100936 0.9722463827 1.001161798 0.9478283062 0.825646153 0.6632893846 0.4938116599 0.3439432037 0.2281802623 0.1488524006 0.1001933638 0.0733258156 0.05992107724 0.05386200007 0.0518986337 0.05518803163 0.06297464552 0.07969749667 0.1122122112
0.1211778206 0.1856136369 0.286479498 0.427411459 0.6012747803 0.786974774 0.9517135086 1.059754935 1.084891568 1.020745012 0.8833874231 0.7048173413 0.5208958438 0.3599281313 0.2366932405 0.1529266043 0.1019347627 0.07398391706 0.06013709533 0.05392137524 0.05222753498 0.05604863515 0.06503217072 0.08419144575
0.3172009896 0.2139943665 0.1421194323 0.09735927343 0.07228385194 0.05959636932 0.05378229238 0.05139735251 0.05386600228 0.05978925605 0.07268656406 0.09811929085 0.1434116766 0.2159642588 0.3198729953 0.4516388767 0.597070773 0.7319974302 0.8281322561 0.8625602147 0.8265852636 0.7292883891 0.5938143869 0.4484544212
0.1243363934 0.08544428259 0.06546757927 0.05617774482 0.05225823448 0.05471659536 0.0621025162 0.0784219703 0.1110891587 0.1701726293 0.2663607299 0.4065190717 0.5876734009 0.7921399189 0.9875285196 1.133963451 1.197033878 1.160885522 1.034677067 0.8488215924 0.6431126997 0.4530473833 0.3006723566 0.1926882586
0.3605280191 0.5088350556 0.6705029412 0.8180023577 0.9199869084 0.9519746603 0.9058692273 0.793279135 0.6407829149 0.4797692792 0.336137161 0.2243590988 0.1472403296 0.0996340466 0.07318699146 0.05991380962 0.05387943252 0.051690795 0.05464436738 0.0616759878 0.07686532838 0.1065746832 0.1590394275 0.2423430285
1.206896739 1.159653484 1.024118116 0.8326495048 0.6255121075 0.4373228066 0.2885740102 0.1844945377 0.1193933123 0.08276891369 0.06416243488 0.05560202786 0.05202807521 0.05529114941 0.06344611435 0.08127339506 0.1165709443 0.1796957838 0.2812588998 0.4274005313 0.6136869938 0.8205573672 1.014058515 1.153908985
0.06495970366 0.05604321232 0.05223431382 0.05359291588 0.05932462447 0.07214864214 0.09814978123 0.1458016492 0.224454874 0.3407533219 0.4935041811 0.6691590235 0.8411123247 0.9751359327 1.040157779 1.019917317 0.9195538423 0.7634929709 0.5858143919 0.4182735306 0.2816637553 0.1833758295 0.1202793329 0.08389296656
1.119394986 1.060495739 0.9239010974 0.7417059924 0.5510859743 0.3822266072 0.2515988407 0.1619626335 0.1069101376 0.0764751007 0.06127241739 0.05439266373 0.05210782983 0.05576573165 0.06443460017 0.08307398678 0.1193585162 0.183120363 0.2838409942 0.4259484164 0.60318109 0.7949683932 0.9682053612 1.085793679
0.06415105753 0.0818423384 0.115577139 0.173603689 0.2632268326 0.3866539647 0.5364711246 0.693371555 0.8287500718 0.912711921 0.9247117368 0.8617000337 0.7393783327 0.5858597658 0.4312203943 0.2982175916 0.1979178017 0.1306751509 0.09027083027 0.06839809411 0.05769283725 0.05294395866 0.05214264958 0.05575578144
0.07654016067 0.1075517407 0.1642207043 0.2574735128 0.3949148889 0.574798613 0.7808106555 0.9814263469 1.136484716 1.209925723 1.183360814 1.063532459 0.8795423947 0.6713995944 0.4760247209 0.3173191617 0.2035171276 0.1306891308 0.08881545605 0.06708936022 0.05688618002 0.0525395829 0.05432701183 0.06120160069
1.027774916 0.9471067497 0.8033222807 0.6289605284 0.4572382427 0.3121679567 0.2044692787 0.1332982894 0.09111132781 0.06857027688 0.05767726814 0.05290486863 0.05274428754 0.05728882263 0.06771807786 0.08941915276 0.1302655934 0.1995832657 0.3051338345 0.4482763857 0.6190265275 0.7940667966 0.9404771747 1.025360388
0.07204679583 0.05922005939 0.05352901426 0.0525583423 0.05687363281 0.06690228652 0.08803960925 0.1283534439 0.1977105746 0.304856985 0.4524509434 0.6316487693 0.819378654 0.9814314707 1.082031938 1.096566485 1.021341543 0.8751037471 0.6914703845 0.5064320339 0.3472398814 0.2271615602 0.1466414347 0.09824904227
0.9417464025 0.9329640998 0.8501587922 0.7136525575 0.5537752398 0.3999969986 0.2725477853 0.179513097 0.1189819642 0.08362705848 0.06500284619 0.05612618194 0.05228948382 0.05287474241 0.05754144568 0.06810680125 0.08978875196 0.1300221755 0.1972963032 0.2981445809 0.4326037291 0.5899145826 0.7473204018 0.8742731269
0.4725827975 0.6531448241 0.8378850355 0.9919667086 1.080717646 1.08222726 0.9961116545 0.8436717378 0.6593557233 0.4781858669 0.3253754487 0.2120875145 0.1373183183 0.09305192924 0.06942725001 0.05802345636 0.05303279542 0.05293240548 0.05778060964 0.06889446881 0.09199399586 0.1354222825 0.2090327603 0.3209776534
0.09045245497 0.06868465587 0.05789872112 0.05305604617 0.05172880531 0.05469523358 0.06167077704 0.07655056682 0.105281431 0.1553455542 0.2337319157 0.3432813516 0.4784653937 0.6228995847 0.7510882997 0.8352327178 0.8549251728 0.8051688851 0.698431525 0.5595837959 0.4165207392 0.2912753493 0.1953646502 0.130156015
0.4936271155 0.3325307354 0.2146814842 0.1378527377 0.09289407255 0.06916773165 0.05783926984 0.05293435033 0.05355250044 0.05933422944 0.0724467908 0.09940393033 0.1495176698 0.2334722349 0.3595793322 0.5280848952 0.7257243069 0.9241088462 1.084887032 1.171377479 1.162095721 1.059401545 0.8885273179 0.6875319026
0.09999756041 0.1481072839 0.2261915781 0.3396012917 0.4856596107 0.6498263752 0.8058494013 0.921718863 0.9701297427 0.9389004994 0.8359387221 0.6859978948 0.5210360267 0.3692890517 0.2480821699 0.1624703891 0.1084470325 0.07779829694 0.06210055718 0.05482085426 0.05175781875 0.0538893787 0.05995493213 0.07331996158
0.1556902261 0.2423990471 0.3705549305 0.5388025486 0.732175185 0.9213443672 1.068627025 1.139863269 1.117235573 1.0064891 0.8345691234 0.6389980482 0.4546951072 0.3044916322 0.1964706188 0.1271540948 0.08719622787 0.0664123313 0.05662785662 0.05244966891 0.05396896274 0.06029720337 0.07445079666 0.103137142
0.4674540313 0.3294891755 0.2212587546 0.1460443951 0.09929725356 0.07315820424 0.05995677033 0.05391799209 0.05150239887 0.05414990637 0.06049114288 0.07427385537 0.1014027287 0.1496242452 0.2267157948 0.3368911482 0.4762755115 0.6296890204 0.7714915032 0.8718618518 0.9068363432 0.8675764836 0.7639870889 0.620668343
0.1721172973 0.1119826624 0.07879351773 0.06224195222 0.05476363074 0.05236257646 0.05645329123 0.06613273917 0.08691190117 0.1272958492 0.1981417213 0.3098543879 0.4671710659 0.6629566465 0.8742838542 1.06450755 1.192786835 1.22816639 1.161679214 1.010027772 0.8087864445 0.5988918542 0.4134004518 0.2701991286
0.5093196649 0.6823730271 0.8468252558 0.9689339561 1.019922343 0.9869600704 0.8783934534 0.7203223318 0.5464347497 0.3864899631 0.2587437641 0.1685185589 0.1115872297 0.07929047608 0.06274951454 0.055079165 0.05185192097 0.05410192486 0.06049846518 0.07459208656 0.1027225491 0.1534496145 0.2357773695 0.3553431603
0.7992845201 0.9840209088 1.115609029 1.162680918 1.113346593 0.9800590081 0.7945221417 0.5954766791 0.4157684259 0.2744748519 0.176084189 0.1148164172 0.08049585876 0.06313191821 0.05517543582 0.05191502174 0.05529785965 0.06341401055 0.08108481555 0.1159279241 0.177974064 0.277355769 0.4196761654 0.6001338621
0.05333224204 0.05214657356 0.05579700551 0.06432824855 0.08241260638 0.117106758 0.1771598531 0.2705287581 0.4000353461 0.5584989098 0.7260823627 0.8726983796 0.9662481966 0.98393592 0.9212694387 0.7939081856 0.6313231921 0.4657645125 0.3221501889 0.2130426848 0.1393975161 0.09486224893 0.07060478488 0.05866136987
0.7403705065 0.5607925589 0.3958902738 0.2643697953 0.1715962808 0.1131260254 0.07999356267 0.0630430488 0.05519112683 0.05189093071 0.05428166203 0.06094798871 0.07562050905 0.1048747587 0.1575694497 0.2429908533 0.3668954189 0.5262408565 0.7050414706 0.874598227 1.000052166 1.051806774 1.016834035 0.9039871823
0.05272484185 0.05714600779 0.06715209304 0.08767924731 0.1257563023 0.1894012838 0.2847719645 0.4118738075 0.5605044367 0.709133443 0.8288944857 0.8923941965 0.8838416011 0.8054108292 0.676346002 0.5253099086 0.3801192742 0.2598439009 0.1720824609 0.1150042355 0.0816782725 0.06412904409 0.05576760522 0.0521548137
0.0537702217 0.05976188153 0.0731329826 0.1001719737 0.1495914822 0.2309316987 0.3508420789 0.5078191525 0.6876476859 0.8628287839 0.9983066941 1.062581558 1.039561216 0.9350886538 0.7745399498 0.5928368916 0.4222269627 0.2836026462 0.184177329 0.1205361874 0.08393722105 0.06494417785 0.05602281097 0.05222155922
0.8020303359 0.6778232533 0.529701294 0.3854562114 0.2647000972 0.1757650883 0.1174247607 0.08308340359 0.06485704395 0.05610641179 0.0522970541 0.05248182588 0.05655336605 0.06583758654 0.08503039457 0.1209140866 0.1813867146 0.2727931569 0.395767124 0.5411306105 0.6884718639 0.809657762 0.8772288097 0.8744508646
0.05453562118 0.0521604668 0.05591160578 0.06480453563 0.08393247744 0.1211816094 0.186663171 0.2901411792 0.4362008623 0.6184487231 0.8157743346 0.9941516862 1.115403686 1.150317632 1.090048052 0.949746556 0.7623910196 0.5662358192 0.3923807104 0.2578269661 0.1654585138 0.1087058638 0.07731923019 0.06163554925
0.8942651119 0.9824049521 0.9924574571 0.9218673093 0.7881939616 0.6220342575 0.4557000331 0.3133416203 0.2064463443 0.1350634103 0.0923303263 0.06927932828 0.05803643868 0.05306596242 0.05239580575 0.05641597669 0.06572553423 0.08527601296 0.1224244215 0.1860886893 0.284040212 0.4183752045 0.5806665979 0.7496560114
0.7435185819 0.9540972505 1.128707381 1.227941188 1.227267134 1.126856634 0.9515134512 0.740745381 0.5343900611 0.3608879668 0.2326181996 0.1481783338 0.09830796157 0.07175470619 0.05896642229 0.05338233492 0.05342715796 0.05907485146 0.07199259034 0.09878032612 0.1490249128 0.2339821519 0.3628515961 0.5368918562
0.219230612 0.1430018019 0.09677731147 0.07153330073 0.05907230014 0.05349828888 0.05213862135 0.05578868799 0.06434028685 0.08251374474 0.1174695169 0.1781385082 0.2727322902 0.4043383487 0.56592264 0.7375154643 0.8885168835 0.9859930133 1.006235489 0.9441050834 0.8151449667 0.6492807706 0.4795843136 0.3318369578
0.6945103824 0.5056238947 0.3447912049 0.2245637275 0.1446073651 0.09692749191 0.071304002 0.05885169621 0.05336607093 0.05283371351 0.05756415964 0.06847978376 0.09132040224 0.1345597424 0.2083777674 0.3214915006 0.4759412632 0.6616100963 0.8537685948 1.016760451 1.114236558 1.122232401 1.038715027 0.8844201801
0.1943825602 0.2927976227 0.4236849239 0.5763785449 0.7286130966 0.8507146042 0.9146985246 0.9046398546 0.8230952777 0.6900506673 0.5349837019 0.3863344778 0.263475033 0.1740092968 0.1159314848 0.08208210989 0.06428776977 0.05582367889 0.05217251034 0.05284340099 0.05744578557 0.06784491138 0.08914260466 0.1285808101
0.1056364643 0.1606173724 0.2512883355 0.3852318973 0.5609795466 0.7628417918 0.9601526658 1.113571749 1.187498403 1.163438551 1.047500604 0.8678836685 0.6637639276 0.4715437355 0.3149813905 0.2024472395 0.1302703599 0.0886831927 0.06706164365 0.05688732978 0.05254455795 0.05416060808 0.06079011958 0.07561103691
0.2384573622 0.1563327216 0.1049100966 0.0759518869 0.06122579553 0.0544442325 0.05161030399 0.0541191803 0.06047682964 0.07438823769 0.1019591947 0.1513154921 0.2308092983 0.3453228963 0.4914737972 0.6540100999 0.8063362653 0.91679641 0.9591818107 0.9228021923 0.8168534466 0.6666523265 0.5038369273 0.3556966938
0.09644796178 0.0711803363 0.05883955695 0.05337644437 0.05256595164 0.05687995425 0.06688317375 0.08791875634 0.1279445106 0.1966386454 0.302489197 0.4478951238 0.6238863412 0.8075557785 0.9652395885 1.0620138 1.07416405 0.9986020863 0.854137062 0.6738893002 0.4930129808 0.3379100474 0.2212492371 0.1432249
0.2272594292 0.3354799237 0.4707975981 0.6176784242 0.7509111675 0.8420544276 0.8691784672 0.8254137273 0.7217689059 0.5826448909 0.4365334551 0.3067248256 0.2060558672 0.1368208014 0.09420780331 0.07060181746 0.05878705996 0.05343014991 0.05158114812 0.05433261452 0.06086573224 0.07494016962 0.1023927582 0.1507336514
1.068588411 1.114952744 1.069045085 0.9424582646 0.7653422691 0.5747727991 0.4023385793 0.2665112847 0.171767764 0.1126780649 0.07952774516 0.06273140824 0.05502405123 0.05181452572 0.05499934041 0.06267446869 0.07940886553 0.1124537089 0.1713862945 0.2659297732 0.4015498023 0.5738327455 0.764380981 0.9416585522
0.05853007687 0.05329527254 0.05193092971 0.05523615921 0.06299543066 0.07951888597 0.1113678215 0.1667650596 0.2533370689 0.3740795807 0.5227355175 0.6811262625 0.8211621894 0.9123958504 0.9326713776 0.8768426782 0.7588889087 0.6062434799 0.4494690534 0.3125625628 0.2079479235 0.1369613942 0.0938198132 0.07020905502
1.142493531 0.9990872216 0.8046139576 0.5991297799 0.4157266557 0.2729306019 0.1743695942 0.113502409 0.0796754724 0.06269218915 0.0549682894 0.05214905252 0.05590507426 0.06485029742 0.08418034129 0.1220027517 0.1888203862 0.2949564377 0.4455996718 0.6347287436 0.8410144523 1.029367864 1.159784706 1.200967544
0.06054903329 0.07476882835 0.1032267217 0.1546852344 0.2384397834 0.3604496808 0.5181028603 0.6959855854 0.8658978989 0.9931488896 1.047829079 1.016192161 0.9062534192 0.7445005323 0.5655541686 0.4002736579 0.2678071377 0.1739561828 0.1145647888 0.08077901594 0.06342904666 0.05536249734 0.05195983925 0.05411198307
0.05944772392 0.07245052183 0.09882667385 0.1471894886 0.2270569216 0.3452146977 0.5004996919 0.6791909627 0.8542700732 0.9909202112 1.057477002 1.037299552 0.9355114772 0.7768936988 0.5961086674 0.425507564 0.2863141707 0.1861107091 0.1217507232 0.08461718301 0.06528581579 0.05617756002 0.05228495042 0.0536388102
0.8568105748 0.7599282247 0.6217270749 0.4713999996 0.3342704766 0.2255094238 0.1491746275 0.1012899376 0.07427701124 0.06051694791 0.05416980438 0.05151311904 0.05374033728 0.05952743869 0.07221125073 0.09739159469 0.1425467316 0.2154063978 0.3205670944 0.4550690924 0.605027742 0.7460360453 0.8488775666 0.8891897606
0.06127120291 0.05437092099 0.05234514295 0.05638381058 0.06590457686 0.08626566959 0.1256834181 0.1945563689 0.3026999628 0.454300782 0.6420187205 0.8434101528 1.023176298 1.142488181 1.1724666 1.10550808 0.9584084233 0.7655371693 0.5658396244 0.3903522734 0.2555294538 0.163592834 0.1074591579 0.07660106568
0.9310491244 0.9754034199 0.9395974548 0.832685735 0.680249864 0.5144827165 0.3632981361 0.243409374 0.1592769797 0.1065081776 0.07674393916 0.0615843296 0.05459248652 0.05166631203 0.05412971808 0.06051808867 0.07451798113 0.1023075091 0.1521350554 0.2325227792 0.3485319187 0.4968851541 0.6622552779 0.8177160197
0.2998210433 0.4539850085 0.647906033 0.8599012656 1.054066957 1.189264927 1.233091231 1.174457897 1.028136843 0.8287310496 0.6174228496 0.4284056439 0.2809616349 0.179018961 0.1159627406 0.08086564073 0.06321853599 0.05518111074 0.05217456399 0.05598300949 0.06506602367 0.08472234563 0.1232404361 0.1913918059
0.09519276665 0.07069801881 0.05867601076 0.05332845616 0.05228811358 0.05616181025 0.06518694842 0.08425817084 0.1207276581 0.1836428848 0.2811180477 0.4158081136 0.5799126209 0.752565222 0.9025119738 0.9967728223 1.012326695 0.945221985 0.812202555 0.6439385531 0.4735884296 0.3264891642 0.2151747271 0.1403109761
0.2937491977 0.1892269347 0.1227838098 0.08482392844 0.06524938026 0.05611164448 0.05224179258 0.05432508575 0.0611362776 0.07624320241 0.1066011255 0.1617287035 0.2518533248 0.3837632459 0.5550944173 0.7495811227 0.9368191264 1.078877039 1.142504803 1.11173147 0.9943597757 0.8187616778 0.6227662597 0.4405661344
0.08761790098 0.1257345735 0.1895485292 0.2853356919 0.413230066 0.5631061681 0.7133826927 0.8349689775 0.900104481 0.8926041091 0.8143746848 0.6846298178 0.5322431935 0.3853846603 0.2634773187 0.1743631571 0.1163075823 0.08235684014 0.06445108543 0.05590699072 0.05220985392 0.05270947044 0.057115242 0.06710119225
0.2539174512 0.3885564759 0.5644454275 0.7654494488 0.9606469777 1.110846634 1.181062518 1.153702621 1.035709614 0.8557074251 0.6527499665 0.4626943085 0.3086135162 0.1983219457 0.1278558167 0.08740314926 0.06644586539 0.05661815216 0.05243752018 0.05428097379 0.06106781835 0.07618863922 0.1067146555 0.1624110794
0.5744726285 0.4163435599 0.2841993851 0.1870296014 0.123379457 0.08596383936 0.06613203141 0.05662282873 0.05248845302 0.05276065073 0.05728124037 0.06757643234 0.0888318017 0.12851919 0.1953100109 0.296119892 0.431530579 0.5913067495 0.7528926283 0.8853452168 0.958603587 0.9545120548 0.8741110298 0.7372085429
0.2289429194 0.1478885726 0.09900957419 0.07245749529 0.0594183139 0.05361506791 0.05245628515 0.05661805031 0.06631972367 0.08683214347 0.1260803745 0.1938300873 0.298861837 0.444092633 0.6211757823 0.8076571213 0.9698289822 1.07205184 1.089370089 1.017384134 0.8740606211 0.6924669885 0.5084309485 0.3493839377
0.5256909069 0.6677531489 0.7842374651 0.8487108235 0.8451957562 0.7745860908 0.654278841 0.5112286086 0.372200747 0.2560005138 0.1705428677 0.1145574237 0.08164333998 0.06419547401 0.05582839446 0.05219017809 0.05242402055 0.05639403152 0.06543635308 0.08410720174 0.1189729706 0.1776565866 0.2662414675 0.3852479933
1.000622385 1.095308584 1.101992036 1.018973372 0.8668507048 0.6802385865 0.4950396915 0.3376232289 0.2201298915 0.1421019335 0.09563397759 0.07069375764 0.05858858952 0.05326238935 0.0528175607 0.05751268549 0.0683336354 0.09094806905 0.133704676 0.206602059 0.3181493019 0.4702302672 0.6527392083 0.8412304861
0.05349877043 0.05183061495 0.05498864077 0.06244224976 0.07840187777 0.1093371451 0.1634586723 0.2485547139 0.3680198012 0.5161863758 0.6754555463 0.8180062846 0.913106834 0.9377604476 0.8857155519 0.7700333817 0.6177775728 0.4597654073 0.3206598304 0.2136227825 0.1405305582 0.09584353274 0.0712467453 0.05901235317
1.086643055 0.9046693292 0.6949090198 0.4953795151 0.3315097755 0.2128501559 0.1362212533 0.09178033711 0.06852938496 0.05752110277 0.05279404565 0.05402528174 0.06049678351 0.07505230285 0.1047230784 0.1594018948 0.250175362 0.3852184056 0.5637792323 0.7707035979 0.9752695921 1.13720476 1.219192055 1.200778718
0.05415611755 0.06062976899 0.07488234368 0.1033077311 0.1545250943 0.2375782121 0.3580886309 0.5131273272 0.6871718755 0.8523137662 0.974620132 1.02524538 0.9914470819 0.8817817375 0.7225960361 0.5477722495 0.387161917 0.2590151679 0.1685901305 0.1115815684 0.07926741737 0.0627306187 0.0550681105 0.05184660538
0.05389163605 0.06016860485 0.07431767103 0.1032248006 0.1566197262 0.2454755919 0.3780038694 0.5537288819 0.7580210874 0.9608083191 1.122356627 1.20553458 1.189614872 1.07864312 0.8997727459 0.6924988075 0.4946039421 0.3315825567 0.2132185974 0.1365894519 0.09204281585 0.06868314804 0.05759870825 0.05282853099
0.7220100659 0.5449734898 0.3836718397 0.2558678967 0.1662489809 0.1100787844 0.07841741533 0.06230210607 0.05487422773 0.05176751708 0.05443907347 0.06129947119 0.07632421089 0.1061285805 0.1595328053 0.2456301638 0.3697855841 0.5284244871 0.7050875925 0.8709501811 0.9915983468 1.038430248 0.9996374259 0.8850280658
0.05332018121 0.05282853046 0.05754642009 0.06842691157 0.09118087606 0.1342306332 0.2076797802 0.3201552435 0.4736256533 0.6579705712 0.8485724423 1.010013932 1.106263342 1.113648998 1.030293037 0.8768846992 0.6883596809 0.5010424296 0.3416760713 0.2226297576 0.1435108438 0.09635960699 0.07103531262 0.05873553789
0.6638100586 0.805344623 0.9007221452 0.9269236638 0.8773081383 0.7643388312 0.6145113476 0.4582935781 0.3202737563 0.2137444772 0.140794784 0.09607725454 0.07140147684 0.05909771543 0.05353958551 0.05176177005 0.05481146428 0.06202643099 0.07751235189 0.1076036664 0.1603834568 0.2435928486 0.3607463852 0.5065142257
0.563741986 0.7486087571 0.9194696866 1.040390169 1.082499029 1.03515471 0.9103014986 0.7375881386 0.5529647265 0.3867271511 0.2563242137 0.1657054237 0.1093866313 0.0778968469 0.06199369509 0.05471935169 0.05181119718 0.05500268382 0.06264654323 0.07925984803 0.1119589079 0.1700789544 0.2629911197 0.3957701916
0.1272112467 0.08869603125 0.06774940266 0.05745130796 0.05286294325 0.05190075317 0.05512641704 0.06265416807 0.07858806218 0.1091108621 0.1618616767 0.2437433525 0.3571169258 0.495566108 0.6416324696 0.7689907584 0.8496981124 0.8640672605 0.8084482653 0.6967301249 0.5547213491 0.4105053503 0.285669407 0.1910022879
0.5995373778 0.4164601564 0.273659703 0.1749338663 0.1138710523 0.07988542381 0.06279812127 0.05501608028 0.05210767067 0.05579867799 0.06460113741 0.08364928484 0.1209735363 0.187008814 0.2920650133 0.4414235903 0.6292865218 0.8346415584 1.022703873 1.153624769 1.196023934 1.139174317 0.9973981923 0.804221949
0.140064801 0.2132678934 0.3208806229 0.461326363 0.6216452602 0.7771066611 0.8964495828 0.9518525187 0.9294302602 0.8348718318 0.691102597 0.5292783207 0.3779287463 0.2553537546 0.1676947966 0.1117366888 0.07963881646 0.06302296395 0.05523709285 0.05192753452 0.05343943309 0.05888600882 0.07101154896 0.09547166467
0.1066890254 0.1617390443 0.2515776459 0.3828213987 0.5529346632 0.7455740185 0.9304538357 1.070002611 1.131502262 1.099506267 0.9821248701 0.80769533 0.6136981124 0.4338221253 0.2891910289 0.1864241394 0.1212145959 0.08402344311 0.06487712333 0.05595375721 0.05218069403 0.0543508072 0.06118617049 0.0763223394
0.3964789224 0.2714735478 0.1795681808 0.1193755301 0.0839974014 0.06524813006 0.05625920112 0.05235154168 0.05261597784 0.05689883595 0.06665133396 0.08678355489 0.1243686371 0.1876123468 0.2830539323 0.4112325899 0.5624468994 0.7153379101 0.8406187783 0.909851466 0.9058766974 0.8297051875 0.7001013986 0.5460931526
0.1166211284 0.08117069551 0.06334788503 0.05523130301 0.05220053071 0.05605386644 0.06524297345 0.08512675293 0.1240862774 0.1930108529 0.3026571981 0.458531745 0.6545766899 0.8688577111 1.065072221 1.201640417 1.245826872 1.186452202 1.038474558 0.8368850097 0.6233086627 0.432293744 0.283312138 0.1803193579
0.4154084305 0.5779208419 0.7480563915 0.894780078 0.985681999 0.9985152999 0.9300186216 0.7972584572 0.6307393729 0.4630695283 0.3189035287 0.2102143086 0.1373650145 0.09360188467 0.06991610588 0.05832597391 0.05318564311 0.05232877536 0.05625457285 0.06537443515 0.0845885325 0.121219113 0.1842123372 0.2814833577
1.14760231 1.150650578 1.060148853 0.8985017438 0.7023062785 0.5089673943 0.3455585749 0.2241954268 0.1439639771 0.09638926446 0.07096066407 0.05866810264 0.05328076035 0.05307802452 0.05817768768 0.06988476306 0.09425290407 0.1401352332 0.2180269148 0.3366781379 0.4976532599 0.6897648625 0.886816956 1.051779209
0.07205538316 0.05933845033 0.05361881578 0.05197386049 0.05536928057 0.06336740781 0.08045858706 0.1135190163 0.1712353384 0.2617805883 0.3885903116 0.545443755 0.7135072089 0.8632580827 0.9623103166 0.9866735121 0.930167539 0.8069617094 0.6458184268 0.4792253909 0.3330012376 0.220774381 0.1443166919 0.09767446808
1.06410653 0.9843477796 0.8378889184 0.6580690258 0.4795089583 0.3276662064 0.214287788 0.138964961 0.09409244273 0.07000049668 0.05830326421 0.05315492028 0.05270668271 0.05721913002 0.06762235043 0.08937080177 0.1305037554 0.2006570558 0.3080442985 0.4545111665 0.6303609952 0.8120744028 0.9658576711 1.057372418
0.06821541488 0.08965748661 0.1290210434 0.1941092273 0.2905316744 0.4174381234 0.5637213439 0.7073587692 0.8198547023 0.8751758862 0.8594979346 0.7768025079 0.6472395294 0.4991714325 0.3591769905 0.2447751999 0.1623030645 0.1092626424 0.0786221248 0.0626518544 0.055118444 0.05189519185 0.05294619302 0.05765745412
0.06734471508 0.08917395221 0.1309765114 0.2031976814 0.3152630612 0.4703710668 0.6597057804 0.8593553898 1.033308219 1.143381019 1.162717318 1.086405286 0.933498561 0.7393083336 0.5422125325 0.3716794078 0.2424089675 0.1553316321 0.1027744569 0.07420026863 0.06015659319 0.05390128235 0.05260676031 0.05702859318
0.9821357205 0.9347295517 0.8185522036 0.6610372207 0.4946245252 0.3461083259 0.2304842372 0.1506837524 0.1014056629 0.07402116071 0.06027326449 0.05402118826 0.0517416307 0.05478530905 0.06203359428 0.07769569034 0.1083392014 0.1624709128 0.2484501427 0.3704749338 0.5236615944 0.6907280458 0.8432512245 0.9488334439
0.06699480344 0.05694892615 0.05260046314 0.0531655543 0.05831554573 0.06999232022 0.09399133066 0.1385936212 0.2132936373 0.3254656991 0.4753018277 0.6509777932 0.8272326854 0.9699731292 1.046622492 1.038138183 0.9466772144 0.7947080389 0.6160664363 0.443804091 0.3007405058 0.1961168249 0.1279304907 0.08804048551
0.895275792 0.8713174379 0.7803904928 0.6444709469 0.4928305892 0.3519089911 0.2383848335 0.1575838991 0.1062315533 0.07689950789 0.06177714562 0.05471918727 0.05173071609 0.05335301693 0.0586318195 0.07033763316 0.09385609148 0.1365547474 0.2063447559 0.3084682482 0.441077234 0.5915634248 0.7363846657 0.8461910185
0.4022080843 0.5769210919 0.7714783461 0.9541333201 1.086986502 1.138541993 1.095800216 0.9695677288 0.7900314419 0.595064726 0.4174323903 0.2766930755 0.1780060587 0.1161537172 0.08129027896 0.06354553217 0.0553667846 0.05194609355 0.05488970102 0.06244628772 0.07899538115 0.1118228844 0.1706427313 0.2654688593
0.1115678992 0.07972932782 0.06313854586 0.05531423759 0.0519672796 0.05307288632 0.057985086 0.06899083926 0.09133711587 0.1323507659 0.2001504259 0.3005630049 0.4326826609 0.5849239916 0.7343477179 0.8512960936 0.908698458 0.8922088406 0.8060149157 0.6711155287 0.5170311696 0.3714036469 0.25243574 0.1666957487
0.4449731216 0.2933683435 0.187243595 0.120835594 0.08346127227 0.06446654478 0.05572425057 0.052073022 0.055366619 0.0636425019 0.08174086349 0.1175888265 0.1817232784 0.2849533335 0.4335589721 0.6230785282 0.8336598251 1.030781994 1.173437304 1.227759599 1.180045473 1.042354041 0.8475700191 0.6366815813
0.1145311007 0.1734727939 0.2662245154 0.3965533056 0.5583544318 0.7324873994 0.8885985682 0.9930724346 1.020660687 0.9643685616 0.8383273347 0.6720472027 0.4992328975 0.3469280447 0.2296231633 0.1494500297 0.1003940136 0.07337138433 0.05992022174 0.05385380537 0.05198552252 0.05541441073 0.06351322582 0.08086727744
0.1841025392 0.2842735812 0.4245769822 0.5981385066 0.7841266557 0.9498769538 1.059547415 1.086577477 1.024110603 0.8878113282 0.7095012774 0.5251344382 0.3632916595 0.2390656412 0.1544258086 0.1027879183 0.0744226441 0.06034147012 0.05400777505 0.05218261561 0.05593753652 0.06478314335 0.08368672083 0.1202557932
0.393342309 0.2723125489 0.1817443771 0.1214548404 0.08547012134 0.06611480857 0.05670068314 0.05255002518 0.05210969062 0.05563575548 0.06377897673 0.08083281992 0.1131452929 0.1683586964 0.2530443078 0.3687960418 0.5081065247 0.6524922839 0.775216968 0.8489431538 0.8555551115 0.7933718156 0.6778391304 0.5353132227
0.1863028181 0.1207195281 0.08358190502 0.06459495494 0.05580539325 0.05211345003 0.0548502302 0.06239454747 0.07898881436 0.1120528435 0.171569429 0.2679809399 0.4077207404 0.5872806208 0.7885666387 0.9792009658 1.119944064 1.177571136 1.137572661 1.010072586 0.8256777103 0.6235747303 0.4381773247 0.2904372607
0.4521121629 0.6144685996 0.7752100622 0.9027452524 0.9677116699 0.953908882 0.8648440689 0.7222887112 0.5576549024 0.4008429914 0.2719159313 0.1784681923 0.1180666223 0.08300686232 0.06464892447 0.05595029767 0.05221209157 0.05313458399 0.05817998114 0.06953692228 0.09270625116 0.1354394034 0.2064431022 0.3121718668
0.9446119737 1.11341211 1.206911005 1.201939732 1.099762414 0.9255556112 0.7183560864 0.5169426399 0.3485730586 0.224730675 0.1435877805 0.09587759007 0.07058322872 0.05845196829 0.05317638893 0.05350709993 0.05925192147 0.07233814931 0.09936213071 0.1498325263 0.2347913674 0.3630565199 0.5353949821 0.7388097195
0.05210460972 0.05372489698 0.05962693721 0.07277159594 0.09929810826 0.1476783903 0.2271324745 0.343987822 0.4965724703 0.6708490322 0.8399716856 0.9699590532 1.030521058 1.006482014 0.9039415518 0.7477678253 0.5718253687 0.407166644 0.2737422765 0.1782793253 0.1173126577 0.08232721288 0.06420925289 0.05571617716
0.8427533367 0.6559074209 0.4738438835 0.3213544973 0.2090009 0.1352694767 0.09185227468 0.06880078538 0.05772973086 0.0529086014 0.05312022697 0.05824164689 0.06992385066 0.09408227577 0.1392660239 0.215439737 0.3306240746 0.4856537698 0.668998337 0.8549500717 1.008031656 1.093571552 1.090389735 0.9992953226
0.05213941827 0.05575722673 0.06417954908 0.08196266354 0.1159409138 0.1745083318 0.26516584 0.3903138996 0.5426262011 0.7026596768 0.8413844485 0.9282531113 0.9420379639 0.8792365455 0.7555129425 0.5993675359 0.4415186493 0.3053720551 0.2024494086 0.1332932047 0.09165094464 0.06906213733 0.05798453792 0.05306097257
0.05670233115 0.06654119505 0.08736279339 0.1272401752 0.1961432014 0.3030727815 0.4510917378 0.6317996407 0.8223864325 0.9884848797 1.093641592 1.112201554 1.039450203 0.8935530624 0.7082067422 0.5200496155 0.3572249854 0.2337810881 0.1506182037 0.1004177843 0.0731218409 0.05970493242 0.05372815601 0.0524855147
0.7863836185 0.6387317988 0.4807867376 0.3384952122 0.2268260929 0.149194033 0.1009279505 0.07393086001 0.06029181259 0.05405095004 0.05154354636 0.05426474115 0.06078442843 0.07495933696 0.1028689165 0.1524941864 0.2318567852 0.3453188998 0.4889190492 0.6470477596 0.7933017775 0.8969401573 0.9332257747 0.8929895653
0.05660228719 0.05242668151 0.05446836339 0.06152855398 0.07722279075 0.1088331236 0.1663704263 0.2606661697 0.3990425938 0.5792897838 0.7845816086 0.9830782054 1.134744597 1.20416633 1.173933877 1.051715924 0.8671087266 0.6600235139 0.4668163608 0.3106600022 0.1991885482 0.1281498296 0.087467269 0.06644021518
0.891540965 1.005988284 1.043942666 0.9958048843 0.8737078913 0.7065629267 0.5289728991 0.3697989115 0.2454224606 0.1592957886 0.1059453292 0.07620931654 0.06123774085 0.05440995121 0.05180107676 0.05496129416 0.06250803788 0.07886123113 0.1109497564 0.1678041393 0.2583917788 0.3873898933 0.5499366909 0.7279995547
0.8009920433 0.9927975018 1.133260645 1.189144883 1.146368166 1.015751354 0.8285843852 0.6244834326 0.437954491 0.2897814121 0.1856381003 0.1202229936 0.08327426226 0.06443008822 0.05572744587 0.05208058017 0.05501768079 0.06279482863 0.07986052051 0.1137810595 0.174685956 0.2730872786 0.4153116541 0.5974994706
0.176379669 0.1169190022 0.08243046352 0.06438428601 0.05583922108 0.05216946668 0.05311785342 0.0581313329 0.06940882498 0.092400229 0.1347751596 0.2051316759 0.3098147534 0.448252571 0.6087079134 0.7673688471 0.8930079268 0.9566762903 0.9424919654 0.8540588315 0.7129836119 0.5503215569 0.3955628862 0.2684421416
0.7111203858 0.528570235 0.3670605981 0.2422517581 0.1566915 0.104190203 0.07519087131 0.06071758795 0.05417332665 0.05203740873 0.05556892627 0.06393144703 0.08189719138 0.1168405655 0.1781915035 0.2750141468 0.411486315 0.5815025503 0.7652375396 0.9309001901 1.04296642 1.074410157 1.017263155 0.8858856494
0.1717956445 0.258526544 0.3767551101 0.518613598 0.6650902462 0.7889146022 0.8624209487 0.8675219705 0.802920649 0.6846443794 0.5396019328 0.3956903567 0.2733895539 0.1821204099 0.1215168569 0.08543058977 0.06606496556 0.05666672702 0.05253207754 0.05219258102 0.05584558474 0.06426368459 0.08185421806 0.1151078906
0.0883558804 0.130045782 0.2028890571 0.3172672893 0.477608836 0.6761508689 0.8891561081 1.079290556 1.205485955 1.237197051 1.166380914 1.010801012 0.8068084219 0.5955944149 0.4099857679 0.2673863154 0.1701463348 0.110774348 0.07813594747 0.06192159148 0.05462315425 0.05248028279 0.05675170301 0.0668211977
0.3042950086 0.1997487765 0.130708669 0.08981150016 0.06797332203 0.05742642201 0.05280842188 0.05268669212 0.05713195523 0.06732729503 0.08852870281 0.1284096399 0.1960447627 0.2989625196 0.4384305758 0.6046567498 0.7748808916 0.9170426396 0.9991737425 1.00100419 0.9220685029 0.7818974376 0.6121876587 0.4452244868
0.08778629305 0.06673393576 0.0567825556 0.05251605472 0.0537468277 0.05975659831 0.07325222855 0.100718009 0.1512491218 0.2349915065 0.3593454756 0.5234424583 0.7131657569 0.900175212 1.047530628 1.121212162 1.102825042 0.9970401095 0.8296721021 0.6374718644 0.4551292545 0.305700509 0.1977069858 0.1280911709
0.2728885026 0.3987929237 0.5495501793 0.7048201406 0.8355908084 0.9125856193 0.9168410886 0.8472751346 0.7211327092 0.5670589346 0.4145886492 0.2852868719 0.1889708466 0.1251244258 0.0871680763 0.06683024574 0.05697496906 0.05264560846 0.05236248052 0.05629012829 0.06532788469 0.0841850644 0.1197785652 0.1803584305
0.9782032267 1.05824407 1.052350784 0.9620218601 0.8094902739 0.6288561355 0.4537853148 0.3077874999 0.2006276308 0.1305524753 0.08942617005 0.06766126257 0.05724086346 0.05271700492 0.05310918876 0.05818945761 0.06974215895 0.09355776662 0.1379565162 0.2125555831 0.3249585419 0.4756611339 0.6531040355 0.8320813442
0.06160621041 0.05465106053 0.05170586634 0.05329886108 0.05849307613 0.07001232107 0.0931580052 0.135183743 0.2038804794 0.3044144636 0.4349741066 0.5831540309 0.725779993 0.8339519021 0.8823480408 0.8588201466 0.7693337124 0.635518099 0.4861960102 0.3474092753 0.2355918003 0.1559972298 0.1054066256 0.07650698565
1.070267693 0.9160589875 0.7228407196 0.5284191062 0.3613409307 0.2354365673 0.1510848321 0.1004322174 0.07302828469 0.05962379959 0.05368097617 0.05271170957 0.05728060706 0.06789054072 0.09023562907 0.1328189235 0.2060198376 0.3190057211 0.4744970413 0.6630830001 0.8603923548 1.030398983 1.135529986 1.150049561
0.06200447232 0.07766950135 0.1083701817 0.1626969632 0.2491429047 0.3720689936 0.5267211836 0.695819926 0.8507369793 0.9586566008 0.9937156159 0.9470444273 0.8304017218 0.6713752351 0.5028153261 0.3520089058 0.2343528421 0.1529938709 0.1026628525 0.07464500056 0.06055564417 0.05413782487 0.0517322913 0.05476668301
0.06293934062 0.08026946563 0.1148080295 0.1769943315 0.2777567781 0.4238434188 0.6116161974 0.8221842958 1.021703485 1.169123489 1.229651481 1.188048784 1.054845971 0.8620253134 0.6505803179 0.4565407445 0.3018654033 0.1928119042 0.1241125504 0.08520064023 0.06530174015 0.05608783029 0.05221674484 0.0550623363
0.9651168208 0.8412260486 0.6761178288 0.5034642141 0.3505809301 0.2323523162 0.1512494328 0.1014523683 0.07393038003 0.06018650673 0.05396855508 0.05191481346 0.05523650584 0.06310654331 0.08002383718 0.1129470935 0.1707860064 0.2621236141 0.3909517071 0.5515661003 0.7252971821 0.8821337846 0.9884752577 1.018688079
0.06319431293 0.05521276331 0.0518848669 0.05505646755 0.06283417297 0.07981398349 0.1133874938 0.1733441655 0.26966714 0.4080494707 0.5841367159 0.7792782857 0.9613088524 1.092243873 1.140949299 1.095132228 0.9663668445 0.7853582184 0.5900823549 0.4130383311 0.2733451013 0.1757569036 0.114806519 0.08056588749
0.8545391308 0.9074821026 0.8864392652 0.7967499715 0.6601652537 0.5063007542 0.3623103344 0.2456378941 0.1621633726 0.1088546246 0.07826451801 0.06242321582 0.05499755901 0.05183998078 0.0532583542 0.05842096053 0.06991849066 0.09312038952 0.1354358964 0.2049278667 0.3071284644 0.4405730087 0.592982401 0.7408770003
0.3322196926 0.4835875866 0.6596742049 0.8346035282 0.9741322965 1.046206784 1.032870493 0.937512655 0.7834732291 0.604785926 0.4340590988 0.2933336315 0.1911034627 0.1248866944 0.08637500869 0.06617085584 0.05657952226 0.05245011897 0.05334049421 0.05873195558 0.07089025618 0.09574119118 0.1416648073 0.2181238181
0.07618188146 0.06142432469 0.05456238236 0.05166757078 0.05349150571 0.05895804696 0.0710351382 0.09520733019 0.1389208907 0.2100774676 0.3137473235 0.4477199462 0.598906203 0.7433465526 0.8515563105 0.8981041143 0.8712885306 0.7779034891 0.6404502346 0.4883532726 0.3478493541 0.2352253939 0.1554231155 0.1049164711
0.3768029324 0.2461353564 0.1577351173 0.1041614327 0.07492036813 0.06049422134 0.05404461735 0.05250040039 0.05676464112 0.06674986922 0.08795854308 0.128729792 0.1994514487 0.3096525606 0.4628730591 0.6508581223 0.8503109935 1.025611889 1.138496009 1.161496382 1.088773163 0.9385151637 0.7455693267 0.5483649101
0.07657081632 0.1062459824 0.1589706573 0.2432231199 0.3635740141 0.5157496053 0.6831350862 0.8377197282 0.9469712407 0.9847958385 0.9416337055 0.8283727793 0.6718995711 0.50476217 0.3543545921 0.2364261549 0.1545117888 0.1036235023 0.07518120596 0.06082254324 0.05425709744 0.0516463941 0.05454596456 0.06148814063
0.220405869 0.3376245058 0.4943228798 0.6782072221 0.8629028155 1.012732839 1.093528703 1.085224325 0.9899310408 0.8310682271 0.6440368771 0.4634940805 0.3134247897 0.2035944215 0.1319644821 0.09003201127 0.06789454156 0.05732091222 0.05274120349 0.05329419797 0.05865832242 0.07082808158 0.09585600764 0.1424005735
0.5946721089 0.4368670347 0.3014894483 0.1996267582 0.1314760977 0.09060529125 0.06852108795 0.0577318214 0.05295412311 0.0522310585 0.05598364358 0.06468763695 0.08299663084 0.1178451367 0.1776730698 0.2698929652 0.396620964 0.5500688134 0.7102922068 0.8479469654 0.9325581679 0.9433962088 0.8777064262 0.7518430511
0.2282690293 0.1458054946 0.09712337545 0.07121357286 0.05874022683 0.05329581665 0.05336739013 0.05891336635 0.07159342506 0.09787764354 0.1471573041 0.2304469719 0.3567292534 0.5271910085 0.7294550974 0.935443239 1.10606864 1.202802798 1.201726482 1.1031134 0.9313174727 0.7250268956 0.523196179 0.3535937572
0.6624810204 0.8331776038 0.9665567057 1.031725053 1.01239169 0.9134661366 0.7590391423 0.5828764987 0.416534095 0.2807457155 0.1829487835 0.1201078334 0.08383609055 0.06494600993 0.05604229341 0.05223568086 0.05353251515 0.059174872 0.0718095875 0.09744892134 0.1444793053 0.2221783313 0.3371783876 0.4883857878
0.9703847144 1.115577495 1.179099297 1.144991354 1.021898021 0.8395182288 0.636995917 0.4494288725 0.2987569849 0.1917890096 0.1239675627 0.08531599973 0.06543238877 0.05617200489 0.05225917994 0.05457450501 0.06175375549 0.07764016626 0.109488923 0.1671825695 0.2612619975 0.3985870129 0.5764201191 0.7775874685
0.05611863333 0.05228118672 0.05302671602 0.05792111038 0.06897282105 0.09159194309 0.1334483907 0.2032350721 0.3075311949 0.4461256499 0.6076574927 0.7685112523 0.8972880114 0.9644500844 0.9532758573 0.8666054163 0.7256714444 0.5616704418 0.4046308792 0.2749542608 0.1806000533 0.1193943224 0.08374706283 0.06502033009
0.8843484228 0.7049022981 0.5204755245 0.3593349639 0.2361454571 0.1525197005 0.1016765689 0.07384028633 0.06006608794 0.05388992679 0.05226226433 0.05613665965 0.06523534114 0.08461814435 0.1219924313 0.1870254865 0.2886971975 0.4305614054 0.6053076037 0.7916072272 0.9564539418 1.064025755 1.08820636 1.022858862
0.05595197443 0.06447304824 0.0822099772 0.1156073175 0.172305391 0.2586749769 0.3758566617 0.5157086333 0.6591628768 0.7792627396 0.8490355013 0.8512712896 0.7854015541 0.6677332243 0.524907286 0.3841551509 0.2651884427 0.1768297631 0.1184155582 0.08377691829 0.06526218199 0.05631167586 0.05238893428 0.0522402349
0.0519772966 0.05542003171 0.06359763219 0.08122167565 0.1156115928 0.1761933325 0.2721384276 0.4078841236 0.5777067227 0.7621545885 0.9296043776 1.044333205 1.078745523 1.02412666 0.8942175109 0.719614328 0.5361010676 0.3729682778 0.2463923719 0.1593001652 0.1056734939 0.07595419664 0.06107383784 0.0543243435
0.6900058846 0.5464392865 0.4024356027 0.2789943991 0.1861762598 0.1241155608 0.08691890837 0.06683138129 0.05702299117 0.0526819825 0.05204850165 0.05549133727 0.06347259873 0.08025213898 0.11217163 0.1669391347 0.2513070358 0.3671680898 0.5073529399 0.6535940067 0.7790709899 0.8559835392 0.8654812535 0.8051500351
0.05195595105 0.05534726606 0.06356112187 0.08147682359 0.1168678926 0.1800097214 0.2813478537 0.4267789029 0.6116155636 0.81616648 1.006618149 1.143164549 1.193309779 1.144394124 1.008771337 0.8187547053 0.6141466156 0.4289026502 0.2829135494 0.1810368123 0.1174719624 0.08179690272 0.06371442962 0.05541379913
0.7690502856 0.892577457 0.9536325431 0.9369626785 0.8468017592 0.7051287793 0.5429859327 0.3895266208 0.2640151861 0.1734658373 0.1151899242 0.0815025422 0.06393292126 0.05563988461 0.05208943907 0.05320641404 0.05833848356 0.06984659493 0.09323310137 0.1361942374 0.2072792853 0.3126614142 0.451469433 0.6116168716
0.5849814114 0.789975023 0.9867568653 1.135345885 1.200908768 1.166979207 1.04215776 0.8565807154 0.6501314551 0.4586734286 0.304705233 0.1952883495 0.125849927 0.08624190348 0.06584886944 0.05634332599 0.05232363136 0.05462456471 0.06189129197 0.07798457267 0.1102753542 0.168820758 0.264376078 0.40399064
0.1559566255 0.1039697039 0.07515958123 0.06073465857 0.05419183827 0.05191729177 0.05525548103 0.06318463752 0.08027299369 0.1136171197 0.1723556672 0.2653801285 0.3969913349 0.561638342 0.7404607427 0.9027983569 1.014018069 1.047368042 0.9944026089 0.8684466268 0.6991648611 0.5212497136 0.3630968153 0.2403871606
0.5282696103 0.3641419802 0.2388472319 0.1539026741 0.1023207886 0.0741131137 0.0601710025 0.05392650074 0.05233722034 0.05633358442 0.06570836286 0.08565691292 0.1240777891 0.1908522339 0.2951155825 0.440399775 0.6190882931 0.8092437048 0.9770735772 1.086045103 1.109679606 1.041977784 0.8998861865 0.7164246475
0.1505422097 0.2289966911 0.3416574233 0.484943177 0.6436404224 0.7915592619 0.897812308 0.9371254244 0.8995751293 0.7946462552 0.6473511231 0.4885719128 0.3447022153 0.2312414137 0.1520147425 0.1025532875 0.07477811679 0.0606922267 0.05422278991 0.05152637853 0.05412740106 0.06047242905 0.07431921981 0.1016872354
0.1346747346 0.208979027 0.3231852707 0.4796414573 0.6684242876 0.8647011867 1.032294282 1.133967692 1.144769062 1.061952549 0.9061093439 0.7128721623 0.5197445821 0.3546668721 0.2308506791 0.1482531559 0.09885447253 0.07223277152 0.0592600714 0.05352993348 0.05281011722 0.05751942453 0.06841519109 0.09127616205
0.3457088317 0.2296190688 0.1498555118 0.1008069469 0.07365950252 0.06008369209 0.05393337178 0.05184449928 0.05505047114 0.06265659125 0.07902906649 0.1109369678 0.1670738948 0.2558594216 0.3812934768 0.5379625329 0.7077964486 0.8615738163 0.96642301 0.9970990447 0.9458313719 0.8255121232 0.664444089 0.4955614469
0.1332816938 0.0909636685 0.068440793 0.05759786892 0.05286507145 0.05292677595 0.05774713494 0.06876826898 0.09161393378 0.1344471079 0.2068419542 0.3166067641 0.4647740129 0.6405863002 0.8196382679 0.9679550052 1.052045842 1.051117934 0.9654072505 0.8160813854 0.6367686838 0.4613300134 0.3139036078 0.2049643186
0.3011522009 0.4313197587 0.5798745806 0.723888923 0.83439534 0.8856283147 0.8647469534 0.7770491955 0.6437946862 0.4938541354 0.3536516809 0.240126461 0.1589534267 0.1071440055 0.07743038605 0.06205104242 0.05484561345 0.05178321773 0.05319141751 0.0582441752 0.06949136511 0.0921763271 0.1335269671 0.2013966001
1.124170838 1.108752824 1.005096517 0.8385539222 0.6458637786 0.4620918562 0.3108390038 0.2011062712 0.1301168565 0.08887736011 0.06726637183 0.05701837982 0.05261098333 0.0536409603 0.05950804347 0.07272468279 0.09970910641 0.1495188932 0.2323503387 0.3558011165 0.5193566916 0.7093232899 0.8976669981 1.047432669
0.06763748635 0.05734944706 0.05280287737 0.05220813378 0.05591129722 0.064483438 0.08247820281 0.1166566939 0.1752065371 0.2652492737 0.3886786661 0.5377142461 0.6927979721 0.8253807411 0.9060260416 0.9149487975 0.8498808085 0.7270045852 0.5744322592 0.4218079247 0.2912566768 0.1932753558 0.1278744702 0.08873915743
1.239709131 1.162668754 1.002406708 0.7961230443 0.5849706019 0.4010595859 0.2608449532 0.165898293 0.1083072186 0.07684720412 0.06131376777 0.05436361988 0.05265334144 0.05718357737 0.06779999425 0.09036736547 0.1337861831 0.2091643723 0.3267265135 0.4903389851 0.6912907236 0.9047797679 1.092761446 1.214252429
0.06773317582 0.08931859347 0.1297886068 0.1981887538 0.3018958806 0.4418847284 0.60799084 0.7771554356 0.9172791292 0.9967209578 0.9958375302 0.9148535037 0.7737690555 0.6043562243 0.4386058204 0.2993223024 0.1964011242 0.1286790578 0.08869949915 0.06742139763 0.05717781232 0.05270665348 0.05276540014 0.05731992315
0.07754946167 0.1091265869 0.1661405712 0.2587933014 0.3935426174 0.5673400897 0.7630222849 0.9494179038 1.088368269 1.147167018 1.111024799 0.989095546 0.8107211346 0.6139916039 0.4326936456 0.2876628596 0.1850836668 0.1202709491 0.08345648048 0.06457861077 0.05581411323 0.05212218033 0.05458530361 0.06174829597
0.8869437527 0.8066776019 0.6761190839 0.5241704206 0.3786574122 0.2584893426 0.1710474774 0.1143219322 0.08128195426 0.06392387533 0.05567228222 0.05211488614 0.05280268639 0.05733519474 0.06757034325 0.08851946971 0.1272879537 0.1919301862 0.2885443818 0.4169400092 0.5665976158 0.7156427148 0.8349851195 0.8972530099
0.08192806736 0.06371977334 0.05539576092 0.05209545523 0.05578485039 0.06461629602 0.08379978869 0.1215355788 0.1885675889 0.2956590009 0.4485980386 0.6419282787 0.8545156102 1.050763177 1.189356448 1.237187642 1.182167217 1.038173581 0.839382251 0.6271290444 0.4361801622 0.2865039754 0.1825617977 0.1180032675
0.9895886866 1.009742981 0.9472295442 0.8176860379 0.6511670567 0.4808619682 0.3326263197 0.2196752512 0.1432300365 0.09688400055 0.07157868254 0.05908984851 0.05350444961 0.05215092372 0.05582098077 0.06441779271 0.08268382265 0.1178107219 0.178764263 0.2737812938 0.405945633 0.568173279 0.7403952798 0.8918836367
0.4424256701 0.6277737575 0.8285556684 1.010180729 1.133796527 1.16962859 1.10859944 0.9660534097 0.7755066318 0.5758882081 0.3988806913 0.2618321584 0.1677167609 0.109870953 0.07786926365 0.06187315868 0.05462954708 0.05219096446 0.05599674455 0.06502198143 0.08444057132 0.1222678159 0.1887876965 0.293943056
0.1080454231 0.07754981596 0.06196742954 0.05475789124 0.05173124925 0.05401865561 0.0602644069 0.07399486912 0.1013374586 0.1505267869 0.2301609624 0.3455092227 0.4936217612 0.6595173874 0.8164623237 0.9321185999 0.9791687665 0.9457641586 0.8403586584 0.6882432119 0.5217149596 0.3690836484 0.2475426631 0.16193057
0.4190501907 0.2815890341 0.1830092991 0.1199161448 0.08363600406 0.06481026317 0.055968327 0.05220127296 0.05374319487 0.05969106953 0.07296320154 0.09979945845 0.1488435326 0.2295574183 0.3485313198 0.5042635656 0.6826410453 0.8563772747 0.9906989307 1.05437172 1.031453565 0.9277614295 0.7684800023 0.5882503636
0.09974311113 0.1466106565 0.2217309519 0.3293853163 0.4659968404 0.6169019386 0.7570616914 0.8571200366 0.8932384571 0.8562953153 0.7556174678 0.6151659201 0.46429917 0.3279608403 0.2206807822 0.1459217488 0.09933793932 0.0732261048 0.06000698412 0.05394604011 0.05144171409 0.05399066626 0.06010981324 0.07344079357
0.1547600923 0.2427292997 0.37451223 0.5500873284 0.7553295625 0.9604786753 1.125669676 1.213106622 1.201043101 1.092545695 0.9142314523 0.705686877 0.5052965619 0.3393501455 0.218300147 0.139593549 0.0936516275 0.06946505328 0.05794405437 0.05296729192 0.05377140301 0.05988846756 0.07372938583 0.1021165258
0.5553652823 0.3932841915 0.2634192853 0.1714353063 0.1132393998 0.08014129882 0.06314824053 0.05524934085 0.05191810935 0.05404253721 0.06036885013 0.07434101159 0.10229716 0.1528369157 0.2350765668 0.3548493566 0.5095688521 0.6840848026 0.850710564 0.9754122147 1.028873005 0.9976521054 0.8896590378 0.7309080327
0.1398328025 0.09438255575 0.07006878693 0.05830541602 0.05314581454 0.05290162738 0.05771474096 0.06877294949 0.09180951498 0.1352215058 0.2089844807 0.3214511692 0.4741897367 0.6566805218 0.8441296326 1.001380417 1.093154098 1.096825239 1.011460301 0.8582021167 0.6717847497 0.4878159745 0.332146454 0.2164136879
0.5280275001 0.6878599158 0.828985181 0.9206919641 0.9406997529 0.8839299717 0.7645938743 0.6104288067 0.4522657597 0.3142634738 0.2088885739 0.1374338597 0.09403500889 0.07029775385 0.05856306678 0.05330629907 0.05196067602 0.05531406208 0.0631819259 0.07992695729 0.1121838656 0.1682563104 0.2558270211 0.3778777205
0.8205033595 0.9808228354 1.079179144 1.091469078 1.014568862 0.867620086 0.6843096535 0.5003835763 0.3426814683 0.2240761849 0.1447577959 0.09720869511 0.07152585929 0.05898318727 0.05343108807 0.05261130497 0.05700111143 0.06717939395 0.08858159201 0.129301957 0.1991829257 0.3068536795 0.4547472605 0.6337319968
0.05209609701 0.05250695917 0.05659054653 0.06585722019 0.08491918816 0.1203773118 0.1798173281 0.2691614239 0.3886312357 0.528874127 0.6697937413 0.7841832206 0.8459635466 0.8397931405 0.7672408094 0.6461397507 0.5034846869 0.3657247494 0.2511805924 0.167326197 0.1126232151 0.08059195148 0.06367761763 0.05559686964
0.8659761719 0.66249135 0.4707788462 0.3145692048 0.2022495932 0.1301870886 0.08865308887 0.06705278907 0.05688554136 0.05254455719 0.05413585708 0.06072871308 0.07547189144 0.1053485458 0.1600734779 0.2503505867 0.3837567086 0.558862965 0.7600732301 0.956852994 1.109990804 1.183962674 1.160265581 1.044916078
0.05259739158 0.05688453909 0.06670104962 0.08708037512 0.1253487283 0.1901326031 0.288525002 0.4215866323 0.5798070229 0.7413640536 0.8757096023 0.9525667495 0.9529480834 0.8767566296 0.7428257926 0.5813759123 0.4230019782 0.28963589 0.1909042344 0.1258276649 0.08734760661 0.0668356281 0.05694588082 0.05262274934
0.05602866556 0.06512909006 0.08474848535 0.1230449853 0.1905323758 0.2974536278 0.4487885847 0.6381973537 0.844026267 1.031020603 1.159309781 1.198045265 1.137418297 0.9926830893 0.7979391249 0.59312306 0.4109621696 0.2695617027 0.1722314452 0.1122788749 0.07904223439 0.06239512037 0.0548417563 0.05219867496
0.8259366273 0.6806884909 0.5191751641 0.3694380001 0.2490533987 0.1635230556 0.1092556821 0.07830788265 0.06237702384 0.05495286537 0.05181396237 0.05362523527 0.05932000039 0.07192941872 0.0972247605 0.1430773187 0.2178995065 0.3271956622 0.4688465048 0.629235028 0.7831387814 0.89927634 0.9504162256 0.9237135177
0.05499352152 0.05180719905 0.0547499137 0.06206681809 0.07805635629 0.109703697 0.1662793613 0.2572695506 0.3881425541 0.5548886496 0.7399582969 0.9129418483 1.037806035 1.084887819 1.042307629 0.9208249049 0.7494341079 0.5641551951 0.395917955 0.2630018799 0.1700397892 0.1119153691 0.0792282736 0.06262813796
0.7628171627 0.8455158942 0.8625517497 0.8095994715 0.699904783 0.558916191 0.4147323274 0.2892399501 0.1936232018 0.1289127104 0.08968265955 0.06826358534 0.05769312449 0.05296586198 0.05182180151 0.0549301169 0.0622108201 0.07767986089 0.1074267752 0.1590426534 0.2395002762 0.3514079753 0.4887641011 0.6345731846
0.6504137614 0.8408993021 1.003505499 1.102099144 1.112482016 1.032014643 0.8807030309 0.6931393486 0.5057176231 0.345541192 0.2254169974 0.1452920744 0.09737763134 0.0715586401 0.05897843901 0.05342225027 0.0527303517 0.05730529073 0.06788907448 0.09009310534 0.1322399755 0.2043930355 0.3152796248 0.4671685292
0.2197507336 0.1446397834 0.09829111928 0.07255237373 0.05963937118 0.05377082696 0.05165566747 0.05454641419 0.06142605566 0.07628180136 0.1053280516 0.1566024239 0.2379837197 0.3533925087 0.4981474424 0.6558546522 0.799630809 0.8989025978 0.9298319998 0.8845898514 0.7745659163 0.625723766 0.4686796665 0.3286641094
0.6784024262 0.4824830847 0.3224155251 0.2070456958 0.1328612875 0.09001370553 0.0676846847 0.05715347932 0.05264830979 0.05413088779 0.06073501959 0.07553252342 0.1055796865 0.1607311734 0.2519087621 0.3869549851 0.5646595799 0.7694484666 0.9704724131 1.127837571 1.205120561 1.183007452 1.067114096 0.8856762036
0.2494849393 0.3751593554 0.5350805372 0.7123124235 0.8776436902 0.9965757419 1.04082918 0.9992348204 0.8823001812 0.7179097336 0.5405542146 0.3797522031 0.2528709464 0.1642308635 0.1088678969 0.0777654704 0.06198568904 0.0547353538 0.0517122742 0.05459146458 0.06165413655 0.07707325178 0.1075615125 0.1620096466
0.08832623544 0.1285922981 0.1975011028 0.3033623058 0.4483090678 0.6230992488 0.8046940752 0.9595854342 1.053338573 1.062938262 0.9859440736 0.841495184 0.6626015761 0.4839497057 0.3313404271 0.2169384364 0.1406592236 0.0950608216 0.07049829179 0.05853429579 0.05325198975 0.05261236238 0.05698751704 0.0671058159
0.251452789 0.1667872706 0.1119653903 0.08009084091 0.06337367962 0.05544000078 0.05202524917 0.05277784577 0.05725931451 0.0673625917 0.08800711873 0.1261459479 0.1896240087 0.2843175749 0.4098993644 0.5559280416 0.7009203933 0.8164758225 0.8760388961 0.86476805 0.7855275403 0.6577085436 0.5095398738 0.3680405641
0.09419509967 0.06986075445 0.05816862243 0.05307491672 0.05326999618 0.05864051766 0.07089602773 0.09625079104 0.1436927634 0.2237098271 0.3447638246 0.507778543 0.7006810188 0.8964714189 1.057831468 1.148234256 1.145301072 1.049777813 0.8852277822 0.688613102 0.4968915805 0.3362186808 0.2177742222 0.140008588
0.2658292414 0.394079159 0.5520395213 0.720422994 0.8693913047 0.9665691927 0.9883624407 0.9292399883 0.8040075645 0.6418006382 0.4751151777 0.3294919141 0.2181757372 0.1426166115 0.09668161698 0.07153447801 0.05909189188 0.05351322231 0.05204636144 0.05555062256 0.06377946965 0.08130795963 0.1151041215 0.1739063762
1.207480787 1.247849849 1.184546836 1.033499019 0.8302915223 0.6165931261 0.4265452463 0.2790311177 0.1774979704 0.1149596244 0.08029111045 0.06292761292 0.05504955305 0.05229517253 0.05629300272 0.06579181175 0.0862691562 0.12623851 0.1966705108 0.3082513878 0.4661730741 0.6638139421 0.8785733758 1.073662172
0.05789111563 0.05300439249 0.05246033844 0.05657538364 0.06608343456 0.08600542576 0.123771491 0.1883377243 0.2874237431 0.4229401353 0.5861490684 0.7554454593 0.89951839 0.9862968932 0.9944649277 0.921945907 0.7867577398 0.619759173 0.4532639503 0.3112275212 0.2048744991 0.1340373511 0.09173459947 0.06896931294
1.106058229 0.9925818802 0.8199841123 0.6256730474 0.4439140617 0.2966939664 0.191399224 0.1241766097 0.08561380607 0.06564952837 0.05629383819 0.05231665493 0.05412635623 0.06066155316 0.07521190658 0.1045660301 0.1580862581 0.2459521626 0.3751330332 0.5437459948 0.7362423731 0.9229370595 1.066294996 1.132899363
0.05664194545 0.06608544158 0.08565349636 0.1223273776 0.1842872463 0.2781908741 0.4048895665 0.5551491732 0.7080782185 0.834633492 0.9062244453 0.9051451934 0.831670191 0.7039411959 0.5507088868 0.4008838316 0.2750468142 0.1821033521 0.1209718721 0.08489716442 0.0657045492 0.05646833141 0.05243831892 0.05251008875
0.05868355065 0.07094726829 0.09624756835 0.1434505511 0.2228248887 0.3425244422 0.5031578312 0.692492814 0.8837167266 1.040148218 1.126250488 1.120675753 1.024841545 0.8623469345 0.6695559304 0.4824649808 0.326282151 0.2115422647 0.1364472058 0.09233964469 0.0689790694 0.05778635272 0.05292364534 0.05329457003
0.8880561152 0.7948366586 0.6558713863 0.5010568647 0.3573361216 0.2416581853 0.159388733 0.1071411883 0.07731853458 0.06195355228 0.0547870507 0.05175456929 0.05344565102 0.05886506185 0.07087486639 0.09498804235 0.1387364277 0.2101910478 0.3146707809 0.4502259191 0.6039057551 0.7516136021 0.8633764199 0.9130115558
0.06039417156 0.05397403837 0.05295474636 0.05792994847 0.06947834167 0.09378900212 0.140096843 0.2196623795 0.3424105171 0.5112452213 0.7158895906 0.929840658 1.113989357 1.227611386 1.242883863 1.155925282 0.9883932262 0.7787446807 0.5679613884 0.3869386491 0.2506022177 0.1593080343 0.1045129763 0.07488164905
0.964857507 1.000537062 0.9538910968 0.8366736761 0.6766204764 0.5068209395 0.3548027477 0.2361329276 0.1540300949 0.1032140405 0.07491293712 0.0606746854 0.05418616836 0.05173643257 0.05477999577 0.06204283007 0.07776905235 0.1086036971 0.1631932231 0.2501000942 0.3737468972 0.5293970886 0.6997056222 0.8558780237
0.2985595193 0.4478405573 0.6327994908 0.8313771889 1.008812635 1.126807877 1.156812753 1.091217696 0.9464795398 0.7564325126 0.5594862066 0.3862990484 0.2531656589 0.1623327572 0.1068452254 0.07632770609 0.06115998227 0.05432957677 0.05230101282 0.05626626793 0.06561817688 0.08562732128 0.1243819327 0.192129164
0.08889331051 0.06755161036 0.05724920671 0.05274028323 0.05264630173 0.05702186235 0.06705284008 0.08790291244 0.1271045309 0.1935551155 0.2946182764 0.431496524 0.5945323987 0.7613581626 0.9005196837 0.9807046296 0.9821178714 0.9044000216 0.7667754496 0.6003468033 0.4367419034 0.2987353249 0.1964148611 0.1288795289
0.29128819 0.1892895363 0.1235922999 0.0855858803 0.06574905525 0.05637914914 0.05236484379 0.05357558797 0.05930454527 0.07216023164 0.09830419994 0.1463666908 0.2259545306 0.3440393251 0.4997196206 0.6795202572 0.8565086676 0.9956704612 1.064850485 1.046771837 0.9460266148 0.7871867415 0.6050927779 0.4325472584
0.08230095618 0.1159763082 0.1733366354 0.2610219535 0.3804415394 0.5235797122 0.6711879142 0.7957347159 0.8693645682 0.8739511306 0.8083281599 0.68876979 0.5424509827 0.3974666313 0.2743854307 0.1826195839 0.121738472 0.08551632647 0.06609294071 0.05667381615 0.05253305443 0.05222785138 0.05593559803 0.06447352122
0.2773236325 0.4221085172 0.6074758896 0.8143882869 1.009253545 1.15175304 1.208154657 1.164244023 1.03112767 0.8406826154 0.6331903263 0.4436859252 0.2932321174 0.1875382226 0.1211798963 0.08371496776 0.06461569938 0.0557989306 0.0521057542 0.05512261008 0.06305747029 0.08046198842 0.1150412541 0.1771016003
0.5954098133 0.426846511 0.2883073875 0.1879246744 0.1230596999 0.08541973089 0.06571607472 0.05638225817 0.052372117 0.05337967018 0.05881747102 0.0710545138 0.09601271387 0.142032652 0.2184757812 0.3322698398 0.4828355567 0.6574532199 0.8302507638 0.9672485243 1.03689579 1.021822671 0.9258590288 0.7724584116
0.2512040912 0.1617298571 0.1067849353 0.07641365385 0.06124489188 0.05438140644 0.05210829712 0.05576631092 0.06443430079 0.08306929242 0.1193402669 0.1830692074 0.2837228037 0.4257128595 0.6027674829 0.7943211684 0.9672964417 1.084642949 1.118077463 1.059128463 0.9226128728 0.7406026338 0.5502260454 0.3816162672
0.5520814112 0.7086052555 0.8406926403 0.9188036894 0.9237095279 0.8541627322 0.7274110371 0.5722663557 0.4185218871 0.2879939835 0.1906695588 0.1260966833 0.08767582631 0.06707227112 0.05708029362 0.05268746423 0.05236101171 0.05629067931 0.0653401077 0.08423660768 0.1199333767 0.1807403751 0.2737002194 0.4003116241
0.9624447709 1.064038004 1.081414736 1.010160615 0.8680613948 0.6879099331 0.5052650236 0.3473724035 0.2277741029 0.1472675066 0.0987078013 0.0723234197 0.05936384848 0.05359483934 0.05243198101 0.05655380133 0.06616433414 0.08648831606 0.1253843647 0.1925411283 0.2966780803 0.440708072 0.6163770706 0.8014332306
0.05376085158 0.0514121834 0.05390427619 0.05987919182 0.07287882724 0.09849283275 0.14407036 0.2170165519 0.3213923959 0.453614995 0.5993743335 0.734385648 0.8303058754 0.8642547783 0.827655432 0.7297442763 0.5937951928 0.4481590801 0.316814446 0.213641522 0.1418563399 0.0971906781 0.07218884796 0.05954871095
1.046408944 0.8630796057 0.6572394443 0.4650671236 0.309661853 0.1986720824 0.1279080172 0.08736511593 0.06640143974 0.05658914502 0.05242274449 0.05442343034 0.06141683499 0.07696892971 0.1083059872 0.1653703076 0.2589326937 0.3962981817 0.5753218618 0.779343629 0.9767665868 1.127804511 1.197205134 1.167567135
0.05451226199 0.06137177792 0.07622973401 0.1053720828 0.1569841123 0.2391817202 0.3561755515 0.5035167196 0.6648193842 0.8128396464 0.9162642983 0.9503244225 0.9064048174 0.7955737813 0.6440645109 0.4832195481 0.3391438348 0.2266246377 0.1487461305 0.1005266313 0.0736620331 0.06014180429 0.05397841285 0.05163867075
0.05339958615 0.05897160302 0.07166933085 0.09790186348 0.1469149491 0.2294570772 0.3541318224 0.5217311918 0.7196668144 0.9200704475 1.084621533 1.176004338 1.171579517 1.072472251 0.9031088496 0.7014615959 0.505307334 0.3412406078 0.2205024667 0.1413567959 0.09480046361 0.07010738584 0.05825962197 0.05310524725
0.6979031011 0.5343553147 0.3813977352 0.2575231054 0.1689364124 0.1123870812 0.07995062949 0.06315978207 0.0552920373 0.05194772909 0.05347661592 0.05898194415 0.07123808929 0.09596126672 0.1410332382 0.2150210892 0.3237854489 0.465731307 0.6277587806 0.7848722256 0.9054774532 0.9614582024 0.9387843577 0.8432087622
0.05286976905 0.05312396112 0.05824626068 0.06992232202 0.09405085142 0.1391456412 0.2151115197 0.3298891686 0.4842364386 0.6665920089 0.851310761 1.003093512 1.087532016 1.083710567 0.9926009224 0.8366620872 0.6508693272 0.4700522405 0.3187559149 0.2073780689 0.1343454867 0.09137242145 0.0685734032 0.05763138721
0.6338495519 0.7583992236 0.8366592561 0.8495151417 0.7937006898 0.6831420106 0.5433277357 0.4018044998 0.2796141791 0.1871599982 0.1249872961 0.08752142924 0.06718313913 0.05720206598 0.05276275988 0.05190292781 0.05512408519 0.06262821081 0.07848385468 0.1088013308 0.161098195 0.2421136872 0.3540472409 0.490408083
0.6069855582 0.7964443956 0.9655507941 1.077776968 1.105958314 1.042947124 0.9045489121 0.7230993704 0.5352358712 0.3701533629 0.2433279709 0.1568471084 0.1040458446 0.0750203453 0.06060121752 0.05411102054 0.05220672448 0.05600689438 0.06496522793 0.08412307265 0.1212105566 0.1860103901 0.2877558695 0.430383669
0.1282218857 0.08880488657 0.06761878725 0.05732144929 0.052784515 0.0523372232 0.0562396564 0.0652458842 0.08409384738 0.1197799839 0.1807125154 0.274096428 0.4016285681 0.5549691253 0.713707849 0.848400017 0.9290135639 0.9357314612 0.8668456881 0.739460557 0.5826111899 0.426567298 0.2936724181 0.194311719
0.6446228131 0.4522703172 0.2990725485 0.1911449018 0.1232041973 0.08474867309 0.06509634883 0.05600256781 0.05218440763 0.05505673149 0.06291738145 0.08020024944 0.1146216484 0.1765543242 0.2768336082 0.4221082243 0.6086793149 0.8176926276 1.015480716 1.161299944 1.220712989 1.178758507 1.046054476 0.8544454538
0.140415432 0.2156168512 0.3276501676 0.4760129612 0.6482450864 0.8188947987 0.9544533287 1.023726199 1.009442614 0.9152320702 0.7641306415 0.5894537086 0.4229599116 0.2859943354 0.1866697689 0.1224393919 0.08514055267 0.0656017687 0.05633972671 0.05235775511 0.05331214444 0.0586466008 0.07065917643 0.09517644524
0.1075222146 0.1621761563 0.2502151637 0.3770580431 0.5389721866 0.7190752024 0.8879096024 1.010397135 1.057478994 1.01728087 0.8999642382 0.7335655439 0.5531426449 0.3889483692 0.2589812993 0.1679268657 0.1109045224 0.07878841697 0.06245424719 0.05493115477 0.05178694523 0.05455857874 0.06159578225 0.07699616643
0.3651572085 0.2486326327 0.1645791004 0.1104911265 0.07922869276 0.06292583381 0.05523165622 0.05193798889 0.05298147731 0.05775267498 0.06845028595 0.09018704563 0.1301125425 0.1961660144 0.2940752539 0.4230203716 0.5717624328 0.7179508663 0.8326141286 0.8892325231 0.8736607729 0.7898538116 0.6582398961 0.5076519811
0.1176580374 0.08197334826 0.06382892104 0.0554741908 0.05198327537 0.05508616181 0.06293484548 0.08010674278 0.114135392 0.1750440961 0.2731310889 0.4144084448 0.5946885381 0.7951427762 0.9829582505 1.119095199 1.171248834 1.126264671 0.9955132519 0.8102345641 0.6094471392 0.4267922477 0.2822610128 0.1810334356
0.3817972735 0.5365097379 0.7028925559 0.8519057952 0.9514392053 0.9774296754 0.9232869878 0.802600401 0.643612937 0.478522593 0.3331232574 0.2212019963 0.1447487648 0.09799209905 0.07224832856 0.05943966296 0.05366561663 0.05190643715 0.05519662082 0.06296435818 0.07960141479 0.1118593528 0.1683122546 0.2571025965
1.211600387 1.231668804 1.150186338 0.9874933172 0.7811417243 0.5718749033 0.3909280316 0.2538404949 0.1615448888 0.105865069 0.07560722157 0.06074276401 0.05412478262 0.05278165687 0.05749715637 0.06849358205 0.09175196915 0.1362709026 0.2131485345 0.3323796967 0.4973168033 0.6985275255 0.9105439781 1.095079145
0.07491304058 0.06065897723 0.05417383994 0.05179113421 0.05492330074 0.06238557171 0.07851722135 0.1100938198 0.1659001155 0.2545829248 0.3805113308 0.5386914912 0.7113245692 0.8690793807 0.9784719418 1.0132589 0.9646369276 0.8448512994 0.6822000133 0.5102084282 0.3566098418 0.2369601592 0.154338239 0.1032929047
1.130330861 1.030992515 0.8652786332 0.6701230614 0.4816991161 0.3250526873 0.21039177 0.1356011744 0.09181275871 0.06869258551 0.05764823784 0.05286407806 0.05343323367 0.05902474232 0.07171189413 0.09780706377 0.146342494 0.2276949774 0.3499603674 0.513429906 0.7052932442 0.898044771 1.054461571 1.138878259
0.07061985549 0.09443494451 0.1376385376 0.208196568 0.3113547805 0.4451803067 0.596879439 0.7426587938 0.8529316258 0.9018619725 0.8771634849 0.7850974773 0.6479019443 0.4950885829 0.3532455235 0.2390922797 0.157915705 0.106367265 0.07694639848 0.0617897867 0.05472109375 0.05173025756 0.05340409706 0.05875745768
0.07120479159 0.09722064081 0.1462412376 0.2295237773 0.3564885197 0.5288923509 0.7348461913 0.9463541729 1.123736458 1.227191751 1.231212885 1.134777321 0.9617682675 0.7513903798 0.5438176315 0.3682034137 0.2376612185 0.1512921257 0.1000389622 0.07262415445 0.05936198361 0.05354564173 0.05327817881 0.0587150041
1.005797255 0.9475660271 0.82143349 0.6568229908 0.4868748256 0.3378614234 0.2235966629 0.1458143883 0.09840068925 0.07237710068 0.0594686386 0.05366693086 0.05202960614 0.05551740586 0.06372743986 0.08125903911 0.1151468098 0.1742630867 0.2669314792 0.3966047203 0.5568481005 0.7283481256 0.8809193842 0.9815294876
0.07103076831 0.05872776159 0.05331498881 0.05286826233 0.05764726329 0.06866055995 0.09167491823 0.1351836601 0.2093563197 0.3228435816 0.4775526946 0.6631927462 0.8548886908 1.01695463 1.113182512 1.119894628 1.035384314 0.8806187641 0.6908100086 0.5024684375 0.3424009298 0.2229420743 0.143616852 0.09638086659
0.9180495825 0.9018714557 0.8151296914 0.6789664784 0.5232072604 0.3758417689 0.2553494599 0.1684436631 0.1125261304 0.08020944371 0.06335842817 0.05540629136 0.05200251136 0.05308670918 0.05802563192 0.06909827835 0.09159495462 0.1329122203 0.2012613221 0.3025623989 0.4359588029 0.5898146458 0.7410028381 0.8595551765
0.3609180676 0.5200133071 0.7002880943 0.8734417969 1.004314379 1.062235309 1.032659265 0.9230836971 0.7599704288 0.5783918332 0.409917852 0.2743789626 0.1780242788 0.1168550158 0.0819526667 0.06397692638 0.05559561339 0.05205028947 0.05405528479 0.0604303005 0.07455295328 0.1028983481 0.1543066358 0.2382405665
0.1167063393 0.08267703784 0.06465040769 0.05601157395 0.05225765789 0.0525334231 0.05667860333 0.06611369085 0.08558245094 0.1219131227 0.1830184525 0.275188957 0.3989102626 0.5447796775 0.6921572908 0.8127855158 0.8792680117 0.8751232865 0.8014052583 0.6762692254 0.5277265388 0.3835255584 0.2631131886 0.1746301134
0.4014085944 0.2643283074 0.1696404797 0.1111234996 0.07858049414 0.06223102097 0.05479056947 0.0520444825 0.05562102883 0.06414424217 0.08257429383 0.1186596824 0.1824524594 0.283856647 0.4278947559 0.608886305 0.8064975494 0.9871800572 1.112600478 1.152677291 1.097269148 0.9603316531 0.7742232006 0.5773229569
0.1204010472 0.1827541055 0.2791122221 0.411892856 0.5731704641 0.7422100181 0.8882315417 0.9790125319 0.9923464556 0.9248449428 0.7933323353 0.6280513507 0.4614160882 0.3179955458 0.2097737164 0.137179536 0.09353667167 0.06989882131 0.0583239782 0.05318688191 0.05229624543 0.05617108212 0.0651787428 0.08416974458
0.1740494303 0.2699436489 0.4069106709 0.5800771643 0.7705267569 0.9463808833 1.070625734 1.113584252 1.064398825 0.9354764835 0.7574190999 0.5672589175 0.3961550301 0.2620141087 0.1688475775 0.1109743754 0.07863095547 0.06230426792 0.0548395744 0.05187492261 0.05517657749 0.06308077726 0.08025212155 0.1140338445
0.4417957075 0.3062294817 0.2033663135 0.1340160605 0.0921236605 0.0693295325 0.05811798139 0.05312037082 0.05205223365 0.05553723485 0.06367384141 0.08090434817 0.1139263773 0.1710241537 0.2596985706 0.3825449382 0.5326548431 0.6911423286 0.8294776868 0.9173300238 0.9332761996 0.8732659085 0.752287907 0.5983043663
0.1762306041 0.1145766681 0.08023556317 0.06295662668 0.05508156265 0.05210296811 0.055789566 0.06458783311 0.08364085445 0.1210026742 0.1871556963 0.2924847591 0.4423616037 0.6310587026 0.8375624007 1.026970373 1.159198488 1.202573418 1.146123238 1.004073044 0.8100380276 0.604141242 0.419774604 0.2758318245
0.5050214761 0.6819531935 0.8532844978 0.9845129291 1.045022034 1.019642265 0.9148122476 0.7559331577 0.5773959453 0.4106130564 0.27567194 0.1792543398 0.1177554385 0.08250683161 0.06427370048 0.0557362751 0.05210986573 0.05382244741 0.0598690273 0.07332054182 0.1004352731 0.1498301155 0.2308507131 0.3498543354
0.9470188633 1.105414932 1.186518077 1.170110625 1.060361854 0.8841120991 0.6802362157 0.4858266127 0.3258389505 0.2097823825 0.1347097985 0.09110265358 0.06825313759 0.05741885101 0.05275973402 0.05385586785 0.06006840558 0.07406194427 0.1026298567 0.1553574169 0.2430320823 0.3736870562 0.546766871 0.7477685208
0.0516355302 0.05404486508 0.06030292174 0.07401862926 0.1012468873 0.1500732996 0.2288547189 0.3425593902 0.4879848979 0.6501166627 0.8025644348 0.9137402346 0.9573065911 0.9222810477 0.8175209925 0.6680954464 0.5055670244 0.3573126751 0.2397317972 0.1572089945 0.1054439013 0.07624265643 0.06136824077 0.05450723485
0.844318233 0.6634645343 0.4836265295 0.3305263649 0.2160974553 0.1400085425 0.09464120763 0.07026373957 0.05841849992 0.05320096764 0.05270189419 0.05721145489 0.06761606488 0.0893845934 0.1305889108 0.2009230807 0.3086827641 0.4557988189 0.6326201764 0.8155820059 0.9707237998 1.063441016 1.070937227 0.991306501
0.05165624595 0.05452145773 0.06129701162 0.07583331453 0.1040664859 0.1535637122 0.2315593132 0.3413136996 0.477794051 0.6249631734 0.7572562144 0.8462417958 0.8704358411 0.8237055882 0.7177875197 0.577511969 0.4313798934 0.3023566327 0.2028280633 0.1347077118 0.09297087998 0.06995064767 0.05847756651 0.05329698422
0.05734759412 0.06793795318 0.09008040201 0.1319639175 0.2034068675 0.3127836562 0.4619868513 0.6411528881 0.8263324342 0.9830976626 1.076450304 1.083427963 1.002256499 0.8530806045 0.6698631011 0.4878888503 0.3331153684 0.2175307214 0.1407312568 0.09497289559 0.07040216382 0.05847096846 0.0532190028 0.05275453874
0.7041783601 0.5656409493 0.4219889853 0.2956089659 0.1984191049 0.132085577 0.09155041419 0.06924931656 0.05816181465 0.05316730288 0.05167256046 0.054556094 0.06135886616 0.07591843318 0.1041270005 0.1534547971 0.2309750732 0.3397465967 0.4745700765 0.6193926749 0.7488851692 0.8351113014 0.8572128904 0.8095850414
0.05719090251 0.05266959111 0.05390563776 0.06017797292 0.07427515863 0.1029900484 0.1558663677 0.2435767366 0.3739513323 0.546178375 0.7455483902 0.9423769052 1.097853939 1.176119901 1.15764342 1.047118481 0.8715330033 0.6694905983 0.4775391401 0.3200526818 0.2061178513 0.1326015299 0.08999954691 0.06772774553
0.804546133 0.9201528568 0.9684103266 0.9371752581 0.8343565725 0.6846716716 0.5200197891 0.3685771537 0.2476262218 0.162203386 0.1083040621 0.07772829206 0.06206921102 0.05480801813 0.05175301152 0.0538852012 0.0599435204 0.07329154398 0.09993302122 0.1479735546 0.2259386845 0.3391646979 0.4849713562 0.6488354479
0.7832004449 0.9838581621 1.138605623 1.211426372 1.184081453 1.063510538 0.8789794106 0.6705698545 0.4751763131 0.3166115153 0.2030101356 0.1303698121 0.08863644507 0.06699936986 0.05684541752 0.05252289116 0.05436404801 0.06129005546 0.07673216219 0.1079300035 0.1648958855 0.2585628029 0.3964979646 0.5768609079
0.1966901952 0.1285007946 0.08844841803 0.06723512162 0.0570710138 0.0526550975 0.0529906566 0.05788266953 0.0690156662 0.09198374996 0.1348364259 0.2068971141 0.3155699934 0.4614096797 0.6333127421 0.8069372479 0.9489794113 1.027172124 1.022128888 0.9351320842 0.7876048665 0.6125626808 0.4426897081 0.300876265
0.6957733326 0.5106014987 0.3506782698 0.2296429562 0.1482312791 0.09916101729 0.07251766625 0.05943968168 0.05362178593 0.05248414043 0.05669036103 0.06649128203 0.08720409462 0.1268172077 0.1951636059 0.3010663072 0.4474207853 0.6257635594 0.8134300094 0.9764579999 1.07899603 1.096003453 1.023159423 0.8786408171
0.1920923326 0.2907932405 0.4234645584 0.5801343585 0.738737874 0.8689425462 0.9412188398 0.9376601801 0.8591714907 0.7250965104 0.5654928056 0.4102556574 0.2804254613 0.184890566 0.1222710133 0.08543873132 0.06590463267 0.05653281826 0.0524558903 0.05269261485 0.05710543395 0.06716083569 0.08793304575 0.1267411762
0.08288213484 0.119315259 0.1837300938 0.2861352941 0.4316138377 0.6144412948 0.8140906762 0.9966784181 1.123473945 1.164068755 1.10819069 0.9699142236 0.7819175933 0.5829770325 0.4052108788 0.2666683503 0.1709584326 0.1118028183 0.0789009331 0.06236935074 0.05484521888 0.05206320416 0.05567305095 0.06427652851
0.3186003929 0.2105628855 0.1378446144 0.09398621294 0.07015809367 0.0584550037 0.05324570914 0.05219919862 0.05592608987 0.06461515648 0.0829890767 0.1181503839 0.178854001 0.2729764339 0.4031437118 0.5618885852 0.7290955243 0.8745514245 0.9662966104 0.9819355287 0.9174952655 0.7890601959 0.6262672883 0.4612440032
0.08195025378 0.06399627676 0.05561154161 0.05205912783 0.05393836292 0.06014436428 0.07391472521 0.1015985395 0.1518921856 0.2341517299 0.3546086158 0.5111476694 0.6889535815 0.8602705509 0.9904208647 1.048954972 1.021182895 0.9141469311 0.7537292694 0.5745115938 0.4077964488 0.2733821231 0.1776416054 0.1167525034
0.2839181851 0.4109060495 0.5596309474 0.7086411782 0.8290645109 0.8933918856 0.885635479 0.8077671576 0.6789065847 0.5277139904 0.3821094504 0.2613128772 0.1730558169 0.115585795 0.08199255188 0.0642829999 0.05583608272 0.05218250326 0.05269925238 0.0570857355 0.06702385201 0.08743365127 0.1253352095 0.1887603112
1.066528332 1.138031742 1.11584757 1.005608685 0.8341452798 0.6389039027 0.454784419 0.3046446741 0.1966144797 0.1272592671 0.08726110759 0.06644721586 0.05664447205 0.05245674466 0.05394574257 0.06024085631 0.07432625489 0.1028866049 0.1552319406 0.2416376894 0.3694079543 0.5372389341 0.7302517956 0.9192183064
0.06079437437 0.05428137942 0.05155418035 0.05380936498 0.05970684879 0.07263786152 0.09831967333 0.1443939229 0.2187701109 0.326171267 0.4636117845 0.6169421819 0.7612398688 0.866629136 0.9081537481 0.8753474084 0.7765072214 0.6352946233 0.481559408 0.3412313331 0.2298734495 0.1516781143 0.1026040714 0.07490821984
1.159753998 1.005702763 0.8032695645 0.5933872628 0.4087566362 0.2667813359 0.169887882 0.1106820359 0.07811101029 0.06191857187 0.05462491165 0.05244534168 0.05666080554 0.06660524984 0.08788746328 0.1291183276 0.2012133463 0.3145054376 0.4734581937 0.6704659198 0.8820640885 1.071238268 1.197172791 1.229402517
0.06108444388 0.07582172292 0.105053886 0.1574291644 0.2418615158 0.3636064598 0.5191520132 0.6923528036 0.8549429828 0.9731835749 1.019041719 0.9809542427 0.8685508271 0.7087102526 0.5351484523 0.3770290497 0.2517573986 0.163921072 0.1088721791 0.07784502513 0.06205359441 0.05477547953 0.0517316051 0.05435485858
0.06465559261 0.08363817488 0.1206631378 0.1858578912 0.2890607486 0.4350021332 0.6174785526 0.8155388302 0.9951841953 1.118063647 1.154610765 1.095569399 0.9557908151 0.7681818347 0.5711615599 0.3961320301 0.2603985096 0.1670509612 0.1095989714 0.07777371662 0.06184569896 0.05462401078 0.05213274863 0.05584394069
0.9167727196 0.7828529277 0.6171002985 0.4516376151 0.3103396632 0.2044463871 0.1338584099 0.09167224982 0.06895303345 0.05788936347 0.05300563788 0.05242558756 0.05648663755 0.0658764632 0.08556471601 0.1229149169 0.1868185176 0.2849658957 0.419314396 0.5812746553 0.7494769611 0.8928672637 0.9795578306 0.9882640927
0.06470179544 0.05591486552 0.05217796467 0.05384655612 0.05994228047 0.07351967967 0.1009223281 0.1509058986 0.2330022008 0.3537578616 0.5114558926 0.6915999487 0.8664505776 1.000882678 1.063573918 1.038815743 0.9328903574 0.7714888609 0.5896149114 0.4193768806 0.2814125629 0.1826892105 0.1196331021 0.08344470211
0.8068326426 0.875582517 0.8742378903 0.8031407009 0.6798412734 0.5320782861 0.3877034359 0.2665134316 0.1770473654 0.1182304033 0.08353680366 0.06508679032 0.0562116002 0.05234067756 0.0524300968 0.05642790802 0.06556134705 0.08447912037 0.1199192277 0.1797682726 0.270430598 0.3926941494 0.5376103962 0.6849955445
0.3179601503 0.4710994805 0.6556624561 0.847274836 1.01054323 1.109149412 1.118880118 1.037261551 0.8845779452 0.6957033491 0.5072256958 0.3463191204 0.2257600539 0.1454140067 0.09740624383 0.0715571038 0.05897174116 0.05341738976 0.05276913302 0.05740405403 0.06811869002 0.09058031993 0.1331831943 0.2060584091
0.08176001378 0.06412085347 0.05574609321 0.05214001019 0.05290991974 0.05760732846 0.0682018186 0.08985922504 0.1298866803 0.1965383691 0.2960139808 0.4280068571 0.5815829261 0.7341854341 0.8559499633 0.9189079908 0.90737528 0.8242827426 0.6899700603 0.5341179541 0.3851769753 0.2623873375 0.1731727163 0.1153780365
0.3582210561 0.2307850434 0.1470496889 0.09768230614 0.07144133446 0.05882425048 0.05332380317 0.05348394808 0.0592116436 0.07229123015 0.09936991732 0.1500742211 0.2356579255 0.3652363015 0.5398807888 0.7467485109 0.956970466 1.130542109 1.228207283 1.225799212 1.123930266 0.9477397486 0.7368411115 0.5309429532
0.08212965742 0.1167708506 0.1769986712 0.2710766633 0.4022232992 0.5635996453 0.735429521 0.8872060358 0.9859084132 1.007559584 0.946663969 0.8184667576 0.6527703861 0.4827232046 0.3343150947 0.22097047 0.1440965604 0.09739776329 0.07185110488 0.05921977687 0.05356040068 0.05210403222 0.05570346571 0.06415000967
0.1977704085 0.304004526 0.4496012988 0.6253654544 0.8082145772 0.9644751994 1.059446228 1.069825583 0.992974765 0.8480051502 0.6680772707 0.4881383894 0.3342570842 0.2187884564 0.1417287852 0.09562469745 0.07076948884 0.05865332619 0.05329967979 0.05260789078 0.05698049312 0.06710071477 0.08834192192 0.1286801082
0.5881545659 0.4411983251 0.3102665768 0.2084788343 0.1383192945 0.09504757019 0.07102899921 0.05898456994 0.05351323693 0.05155715665 0.05427415663 0.06073742185 0.07468772405 0.1019509565 0.1500547006 0.2263652024 0.3345245603 0.4701052177 0.6177117015 0.7521486603 0.8448071263 0.8734284889 0.8307670558 0.7275611979
0.2037469416 0.1310671879 0.08912147198 0.06727892504 0.05698473139 0.05258412879 0.05409251361 0.06062826954 0.07526192502 0.1049543126 0.1594129111 0.2493732191 0.3825037326 0.5575252855 0.7590066333 0.9565136922 1.110791163 1.186100821 1.163615608 1.049045344 0.870288356 0.666423729 0.4739587522 0.3168697311
0.6569508969 0.8089638022 0.9186003982 0.9598094437 0.9221924281 0.8152540542 0.6645120753 0.5016340309 0.3537906143 0.2370223459 0.155376581 0.1043408169 0.07564718337 0.06107859398 0.0543798685 0.05158477989 0.05418548611 0.06063069766 0.07471206774 0.1025760385 0.1523759838 0.2324482796 0.3475862854 0.4942398431
1.035233395 1.164819063 1.204519051 1.144282053 0.9992681395 0.8036678482 0.5976492879 0.4142139042 0.2716878907 0.1734977018 0.112966164 0.07938238547 0.06254868803 0.054905023 0.05219339346 0.05601820883 0.06511295601 0.08473465881 0.1230647853 0.1906645441 0.2978521144 0.4496980866 0.6399333734 0.8469027343
0.05542493358 0.0519855264 0.05402963144 0.06035272196 0.07434306337 0.1023874625 0.1531836658 0.2360055908 0.3568827646 0.5133940504 0.6904125947 0.860029304 0.987719726 1.043520491 1.013412021 0.9050248724 0.7445074218 0.5663051886 0.4012914201 0.2687560392 0.1746763318 0.1150338455 0.08104747669 0.06356577596
0.946206045 0.7695311077 0.5787163443 0.4055718344 0.2688585028 0.1732908797 0.1135667392 0.07999579461 0.06295454801 0.05512053823 0.05185242407 0.05491392053 0.06247845782 0.07900181363 0.1116908642 0.1701013825 0.2639964726 0.3989768977 0.5708566294 0.7614938821 0.939519758 1.067821179 1.115905795 1.071639365
0.0553263001 0.06319737299 0.07992821425 0.1121162993 0.1679945092 0.2551395872 0.376413876 0.525356244 0.6835796919 0.82288477 0.9128984835 0.9317310149 0.8746012415 0.7558026856 0.6029095412 0.4464206937 0.3101297391 0.2062266605 0.1358720336 0.09319960761 0.06989020743 0.05838166458 0.05323260542 0.05196741161
0.05264074117 0.05707719132 0.06735911141 0.08896955992 0.1300672602 0.2005621779 0.3091243735 0.4581615562 0.6384199436 0.8263796201 0.9875454373 1.086196158 1.09814915 1.020366176 0.8722041593 0.6876100355 0.5025453154 0.3439682717 0.2247713736 0.1450980463 0.09735919881 0.07158582009 0.05900459563 0.0534378849
0.7164080447 0.5571414344 0.4032233571 0.2751651576 0.181366436 0.1201453849 0.08428034965 0.06533284828 0.05627670749 0.05235164843 0.05278675603 0.05732904585 0.06764116992 0.08886322018 0.1283576924 0.1945958898 0.2942090274 0.4274843358 0.5840324056 0.7414610844 0.8694063587 0.9387147172 0.9321793138 0.8514617915
0.05263387778 0.05421568714 0.06094311441 0.07599830072 0.1065301895 0.1624986663 0.2549017948 0.3915667651 0.5711189972 0.7776619405 0.9799377335 1.137701019 1.214385144 1.190815023 1.072975572 0.8895503549 0.6806083126 0.4835149598 0.3227595348 0.2070678318 0.1327801125 0.08992971687 0.06762779147 0.05712247665
0.794867745 0.9390152656 1.021115137 1.020875819 0.9383581691 0.7939503831 0.6202053638 0.4499908716 0.306803133 0.200897488 0.1311512396 0.08994291552 0.06799350712 0.05741862355 0.05279938289 0.05281529694 0.0574571205 0.06807796609 0.09011062512 0.1314518117 0.20138175 0.3075003066 0.4508791183 0.6211899713
0.5328567332 0.7305775015 0.9279470815 1.086550693 1.170067533 1.157718289 1.052642014 0.8806038259 0.6797575907 0.4870029309 0.3275407412 0.2113245988 0.1358234361 0.09178714097 0.06862133762 0.05759469863 0.05283492563 0.05365833917 0.0595856833 0.0729876005 0.1004540066 0.151351256 0.2363348403 0.3635381928
0.1649049713 0.1098781742 0.07855812809 0.06246586384 0.05498019647 0.05182096681 0.05377991917 0.05970165995 0.07278982754 0.09899677385 0.1464107335 0.2236259934 0.3361775465 0.4817057405 0.6460347028 0.8031590945 0.9210304913 0.9719586579 0.9431429845 0.8418847706 0.6925907147 0.527241669 0.3743946785 0.2518090056
0.4807304139 0.3276939027 0.2138545878 0.1384875809 0.0937358422 0.06978445639 0.05819109955 0.0531037858 0.05283602835 0.05754341652 0.06836356788 0.0909145233 0.1334313714 0.2057086447 0.3159668573 0.4657897457 0.6449102924 0.8290415939 0.9836868977 1.074173038 1.078198268 0.9947390185 0.844471445 0.6614714549
0.1578650451 0.2376639915 0.3488220383 0.4854875607 0.630858488 0.7590818692 0.8422347303 0.8601078283 0.8081641344 0.6994042076 0.5590945123 0.4152693139 0.2898608769 0.194157453 0.1292950797 0.08991966002 0.06839326734 0.05775643913 0.05299362467 0.05179205552 0.05485505779 0.06203840091 0.07731962013 0.1067429571
0.1255556221 0.1951929968 0.3053618451 0.4610529808 0.6555793416 0.8665367879 1.057655121 1.188097663 1.226463892 1.163035787 1.01376491 0.8137734308 0.6039740719 0.417744161 0.2734259375 0.1742375409 0.1132271433 0.07945002916 0.06255449803 0.0548982893 0.05228489267 0.05625775949 0.06568568124 0.08598482188
0.3829854599 0.2560196958 0.1666604558 0.1104602656 0.0786779358 0.06244965113 0.05494649905 0.05179874721 0.0542361141 0.06081304065 0.07526151993 0.1040135316 0.1557005206 0.2393141755 0.3603277388 0.5155748537 0.6892781917 0.8533812988 0.9740277253 1.02270185 0.987143154 0.8763491548 0.7168876775 0.542576007
0.1252932308 0.08620921622 0.06593726417 0.05642007162 0.05236699549 0.054060054 0.06050745045 0.07488824918 0.1039538943 0.1570490217 0.2443900647 0.3730701852 0.541418105 0.7341272356 0.9216739412 1.066489042 1.134882726 1.109727838 0.9974086532 0.8251965056 0.6305207147 0.4478827319 0.2995881238 0.1932927434
0.3351116048 0.4746832176 0.628957599 0.7723702865 0.8749059651 0.9121453095 0.8746847255 0.7719828594 0.6284918954 0.474227801 0.3347294755 0.2249029707 0.1483316664 0.1005965689 0.07382759398 0.06027000772 0.05405128507 0.05146738546 0.05406325642 0.06029759253 0.07388518614 0.1007052599 0.1485164723 0.2251846885
1.053685834 1.020981119 0.9097164394 0.7466764541 0.5667000332 0.4007335426 0.2678951527 0.1738937196 0.1144736816 0.08070768687 0.06338576486 0.05534036249 0.05194997811 0.05417763937 0.06070774276 0.07511865419 0.1039294834 0.1559711404 0.2405813555 0.3636928865 0.5225637284 0.7015497072 0.8721786194 0.9995465471
0.06376398453 0.05560507777 0.05208905833 0.05279205231 0.05730466756 0.06749076542 0.088330866 0.1268811556 0.1911310682 0.287113789 0.4146048553 0.5631207056 0.7109187725 0.8291267057 0.8906196719 0.8800848025 0.800199606 0.6705298194 0.5197642206 0.3754832701 0.2563996048 0.169789984 0.1136302468 0.08093414839
1.168257857 1.115753551 0.979614895 0.792131412 0.5922380755 0.4126023894 0.2719232317 0.1743100754 0.1137296227 0.07990252209 0.06284120406 0.05504702123 0.05198892092 0.05548725169 0.06385554783 0.08202019547 0.1177260444 0.1811048922 0.2822809217 0.4266514458 0.6089811873 0.8092524475 0.9938580074 1.123886997
0.06387291575 0.08146865725 0.115331124 0.1741347872 0.265873003 0.3935853336 0.5504980121 0.7172699266 0.8642020699 0.9592730261 0.9793683295 0.919386486 0.7943365698 0.6332534059 0.4682892141 0.3245538282 0.2149338499 0.1406825126 0.09563192063 0.07101577485 0.058858364 0.05341737857 0.05206700339 0.0555974309
0.07166233194 0.09735357152 0.1447396396 0.2234771076 0.3407261332 0.4959204876 0.6759825637 0.8542637635 0.9957279456 1.067806918 1.052526889 0.9537704062 0.7956785633 0.6130884969 0.439164403 0.2961620025 0.1925083721 0.1255076925 0.08661621689 0.06625126608 0.05660134433 0.05245419477 0.05347539767 0.05906962077
0.8718389771 0.8105227116 0.6941234299 0.5492952804 0.4042234268 0.2800003809 0.1866819875 0.1243404987 0.08700591199 0.06685963652 0.0570300232 0.05268285231 0.0520813006 0.05557548689 0.0636698026 0.08067419283 0.1129963662 0.1684102531 0.2537016636 0.3707238802 0.5121675763 0.6595356428 0.7857498695 0.8628169217
0.07512409113 0.06059187851 0.05408683475 0.05246218845 0.05666873344 0.0665309146 0.08750436894 0.1278750427 0.1979947085 0.3074100706 0.4597663912 0.647005856 0.8460719159 1.021532806 1.135160789 1.159333608 1.087914797 0.9387767639 0.7465545535 0.5496306064 0.378000412 0.2470748474 0.1583725927 0.1045430205
0.978105772 0.9768674423 0.8971674016 0.7586834655 0.592583796 0.4302005972 0.2938317327 0.1931195988 0.1268846163 0.08780169271 0.06701039892 0.05700566242 0.05264067752 0.05272302631 0.05720486721 0.0674474347 0.08866950719 0.128439921 0.1956253943 0.2974392189 0.4347967653 0.5976785664 0.763430271 0.9005674823
0.5170119813 0.7219399023 0.9348390815 1.116423278 1.226322466 1.237557432 1.147272027 0.9779091321 0.7681713 0.5587238484 0.3798128742 0.2456971799 0.1562754579 0.1028217588 0.07402836314 0.06000384537 0.05381189746 0.05306331676 0.05819358813 0.07005800831 0.09493998662 0.1421530104 0.2229488069 0.3470688182
0.1013461794 0.07392040757 0.06019906765 0.05398000689 0.05184886384 0.05506449635 0.06269693957 0.07913354264 0.1111813419 0.1675915607 0.2568544013 0.3830311311 0.5407229331 0.7117886765 0.8668339207 0.9727406483 1.004018938 0.9527464608 0.83181869 0.6696946654 0.499553023 0.3484802105 0.2313767507 0.1508739782
0.4906645066 0.3329111608 0.2162354125 0.1393981363 0.09400123236 0.06982132449 0.05817206772 0.05308363309 0.05310251471 0.05821774334 0.06992153288 0.09420021547 0.1397547573 0.2168099769 0.3337383392 0.4917183879 0.679367612 0.8707195075 1.029527376 1.119965699 1.119681754 1.028747748 0.8696310815 0.6781994008
0.09396172168 0.1370052791 0.207597009 0.3112653366 0.4464122542 0.6004828636 0.7496357492 0.8638261417 0.9164085614 0.8941998865 0.8028341287 0.6644474753 0.5089883731 0.3637979195 0.2463495413 0.1624452663 0.1089364426 0.07827210311 0.0624126288 0.05498770634 0.05183429608 0.053333118 0.05860453163 0.07032989969
0.1678023028 0.2626187934 0.4012214029 0.5809966156 0.7847405147 0.9804813617 1.128481809 1.194061642 1.160752965 1.036999637 0.8526901983 0.6474621292 0.4570092316 0.3037637553 0.1948059414 0.1256266085 0.08614883649 0.06581413632 0.05633181311 0.05232028938 0.05457801127 0.06177603005 0.07772377773 0.1097361689
0.4764364584 0.3332161686 0.2221524527 0.1457722831 0.09876384274 0.07272414017 0.05969188944 0.05378321392 0.05174547166 0.05478270102 0.06199402968 0.07752887473 0.1078286769 0.1611807266 0.2456352973 0.365062255 0.5143837293 0.6764538284 0.8234506273 0.9239922462 0.9538867469 0.9055628391 0.7911758541 0.637654502
0.1504497668 0.1005502727 0.07328249554 0.05981447355 0.05378648242 0.05228669697 0.05619277833 0.06534948855 0.08482039857 0.1222944608 0.1873750182 0.2889141973 0.4302836108 0.6039935585 0.7886407716 0.951349647 1.056664527 1.078981798 1.012635947 0.8742290419 0.6958998838 0.5132484288 0.3540844126 0.2326862321
0.4501489228 0.5964942009 0.7330947046 0.831461767 0.8682123054 0.8340716185 0.7376649926 0.6019878947 0.4555212779 0.3226648748 0.2177939116 0.144504972 0.0987152092 0.07298295894 0.05992381745 0.05392177837 0.05141846552 0.05378055065 0.05959839857 0.07230354794 0.0974329988 0.142324862 0.2144705735 0.3181570391
0.7908841088 0.9656719217 1.085764376 1.122293066 1.066008827 0.9310750837 0.749294019 0.5579701155 0.3877131471 0.2554893071 0.1644358086 0.1083265265 0.07720832081 0.06161632678 0.05453907499 0.05204531034 0.0556100371 0.06408327654 0.08235736423 0.1180415225 0.1809502595 0.2806588698 0.4218479668 0.5986458741
0.05284693637 0.05220656744 0.05591129353 0.0644937011 0.08252426803 0.1167985779 0.1755620386 0.2660135304 0.3901222209 0.5401404143 0.6964537753 0.8303436376 0.9121161225 0.921720171 0.85671453 0.7332727776 0.5796632154 0.4257828559 0.2940088441 0.1950125628 0.1288745953 0.08926450393 0.06788934918 0.05745968387
0.8306029098 0.622629905 0.4344583871 0.2862414553 0.1828600264 0.1183854982 0.08221552037 0.06388985595 0.05548102507 0.05197950813 0.05545781672 0.06383637842 0.08210386878 0.1181747834 0.1825017509 0.2856953004 0.4337175691 0.6217470082 0.8297000692 1.023156527 1.161653097 1.212217259 1.162082005 1.023907616
0.05347689194 0.05904521688 0.07153665398 0.09693198603 0.1436032849 0.2208616919 0.3354498181 0.4864618549 0.6607933112 0.8323006777 0.9670322219 1.033845583 1.016052526 0.9181724409 0.7640731548 0.5875401055 0.4203484175 0.2835294036 0.1847733743 0.1211865735 0.08441307905 0.06522581083 0.05616550682 0.05228501256
0.05476896993 0.06224889363 0.07879390694 0.111949212 0.1719838768 0.2698368696 0.4126019096 0.5973827383 0.8062816512 1.006329352 1.156783974 1.222329502 1.186496184 1.05836491 0.8688397606 0.6585714523 0.4639574325 0.307709987 0.196837935 0.1265731905 0.08654657421 0.06596423303 0.05638235415 0.05233531353
0.9172796845 0.7678649757 0.5938233011 0.4270546611 0.2892667063 0.1889606012 0.123863954 0.08593394307 0.06599958267 0.05651994435 0.05243170326 0.05319915232 0.05837547779 0.07006853727 0.09401019589 0.1383328698 0.2122642451 0.322806543 0.4697765622 0.6411708974 0.8119726107 0.9488705071 1.020479479 1.008974452
0.05399082846 0.05228720307 0.05620826074 0.06542292076 0.08506668899 0.1229716809 0.1889777881 0.2922522925 0.4364753957 0.6142963763 0.8040916423 0.9723005097 1.082410054 1.107702321 1.041758987 0.9010994058 0.718476101 0.5305326914 0.3661487341 0.2403668883 0.1549114358 0.1029158413 0.07442755697 0.06032062078
0.8531530466 0.9294350923 0.9313344107 0.8583680086 0.7285923573 0.5713630706 0.4166089157 0.285937642 0.1889705904 0.1249169391 0.08696311838 0.06669124137 0.056898269 0.05260929433 0.05248298189 0.05659271769 0.06602089822 0.08563204091 0.1225313885 0.1851271883 0.2804044927 0.409559363 0.5635487976 0.7213118078
0.6756705432 0.8591115306 1.007640549 1.087356707 1.078454699 0.9831977218 0.8249855913 0.6390403445 0.4597584427 0.3108808704 0.2020155496 0.1310709476 0.0895707188 0.06767722479 0.05722745982 0.05270451094 0.05329743808 0.05866139184 0.07082237105 0.09581462447 0.1422591684 0.2200381597 0.3368234872 0.4928070047
0.1846435259 0.123363403 0.08658515643 0.06669789858 0.0569750958 0.0526666744 0.05198505469 0.05532721559 0.06308457207 0.07941373877 0.1105163037 0.163953065 0.2463862531 0.3597616241 0.4971730234 0.6408197917 0.764440276 0.8406937012 0.8509069902 0.792484419 0.6799760807 0.5392065139 0.3976897256 0.2761637202
0.7078709104 0.511343719 0.3461010838 0.223934942 0.1435115233 0.09601239956 0.07072125656 0.05854060721 0.05322175763 0.05326329538 0.05864108914 0.07094170509 0.09645014238 0.1442960531 0.2251989242 0.3479207901 0.5136621474 0.7104408513 0.9109891339 1.077289544 1.17181055 1.171185901 1.075574446 0.9085947124
0.2104288603 0.3174803863 0.4581622547 0.6200398204 0.778633281 0.9024016248 0.9626641448 0.9443534044 0.8521189846 0.7084152502 0.5446436325 0.3901076651 0.2640286301 0.1732703926 0.1149796163 0.08134923592 0.06384229924 0.05559398069 0.05206902218 0.05329766937 0.05856168563 0.07034430694 0.09424436612 0.1380652373
0.09971808595 0.1497003453 0.2329828463 0.3573658058 0.5225330381 0.7148753944 0.9062090207 1.05913854 1.138562179 1.124699743 1.021074399 0.8530624499 0.6578236432 0.4710535317 0.3169491212 0.2048998978 0.1322631286 0.08998441714 0.0677872075 0.05724196178 0.05269858525 0.05362373432 0.05947860105 0.07269152033
0.2358981147 0.1557360718 0.1050430911 0.07622490429 0.0614355344 0.05456384066 0.05166700129 0.05354379405 0.05908619221 0.07132194514 0.09579343049 0.1400141926 0.2119385545 0.3166373482 0.4518122375 0.6041875859 0.7495550276 0.8581992187 0.9045676057 0.8770007069 0.7824817205 0.6437712378 0.4905274522 0.3491288173
0.1073332903 0.0763689784 0.06109969893 0.054276225 0.0526686014 0.0572167397 0.06786198946 0.09046225399 0.1338883726 0.2091786889 0.3264391395 0.4893853739 0.6891799095 0.901004959 1.086985111 1.206496723 1.23045041 1.152763907 0.9928634376 0.7878133374 0.5784156409 0.3963668193 0.2577917755 0.1640911303
0.2491448785 0.3733166071 0.5304169683 0.7033413109 0.8631924843 0.9763562755 1.015815554 0.9715985815 0.8548609475 0.6933263925 0.520623205 0.3650988087 0.2430863799 0.1582899054 0.1055847638 0.07611289423 0.06122756841 0.05441822538 0.05169268631 0.0546756998 0.06182083657 0.07735150716 0.1079222958 0.1622643139
1.115175727 1.173236774 1.134058755 1.007559532 0.824123412 0.6227776667 0.4378764434 0.290398741 0.1863648468 0.1207952506 0.08363855049 0.06462857018 0.05582234506 0.05212092571 0.05479900035 0.0622711787 0.07871793678 0.1115108381 0.1705817297 0.2663429911 0.4052512422 0.583899896 0.7843710071 0.97449095
0.05969405315 0.05377518428 0.05183841218 0.05502555037 0.06257348964 0.07879118105 0.110338511 0.1657340504 0.2531698084 0.3764289329 0.530009215 0.696014044 0.8457301243 0.9470591804 0.9755669656 0.9240294212 0.8053977958 0.6475260314 0.4825829542 0.3366245787 0.2238156643 0.1464707934 0.09900430605 0.07278264237
1.016886788 0.8971944966 0.729394586 0.5486461757 0.3849610882 0.2559338224 0.1658757232 0.1096744864 0.07812654435 0.06213320458 0.05479033757 0.05173096455 0.05471562366 0.06196104638 0.07776710902 0.1089961421 0.1647223449 0.254175615 0.3825762145 0.5458039177 0.7264881253 0.8947765633 1.015506031 1.059949319
0.05817573515 0.06935139421 0.09192076126 0.1331146379 0.2008194418 0.3004774283 0.4307249322 0.5796457549 0.7243589543 0.8358292986 0.8881017751 0.8680818537 0.7808499367 0.6475732154 0.4971832092 0.3562748307 0.2419855684 0.160143105 0.107833237 0.0777925978 0.06222396901 0.05492069891 0.05181289562 0.05316135177
0.06167659197 0.07752459803 0.1093823419 0.1672533103 0.2618967811 0.4004733996 0.5805388831 0.7850397599 0.9820428937 1.131664118 1.198895165 1.166862826 1.043689556 0.8591575111 0.6530410414 0.4613316478 0.3067845181 0.1967158393 0.1267214184 0.08671873408 0.06608385809 0.05644798799 0.05236586338 0.05453359456
1.00255239 0.881023464 0.7135431298 0.5349047994 0.3743211442 0.2485297064 0.1612262236 0.1070322281 0.07676485789 0.06149584764 0.05451906421 0.05177351109 0.05489383593 0.06235937066 0.07856766622 0.1104344571 0.1670107983 0.2573474575 0.3862814741 0.5491586779 0.7281187674 0.8931490555 1.009476643 1.049300055
0.05982604524 0.05377997391 0.0524401471 0.0565892204 0.06628484075 0.08683532042 0.1262564958 0.1944843111 0.3005509153 0.447651616 0.6276183279 0.8179105484 0.9843546629 1.090505395 1.110494379 1.039244993 0.8945605782 0.7099168333 0.5219316045 0.3588875282 0.2350346829 0.1514465686 0.1009041323 0.07337761336
0.9005274849 0.9357253621 0.8941920618 0.786401904 0.6379223858 0.4795923573 0.3372926736 0.2258425653 0.1485042405 0.100503014 0.07369796878 0.06017738972 0.05400030534 0.05157415102 0.05434321286 0.06096749107 0.07534748763 0.1036159499 0.1537969389 0.2339105072 0.3482359501 0.4926341323 0.6512585461 0.7974963556
0.2782149948 0.4160884631 0.5874763561 0.7722110704 0.9381787403 1.049696246 1.079833948 1.020952093 0.8878376187 0.7116881622 0.5282757146 0.3663987428 0.2415678495 0.1561553665 0.1038384738 0.07499050204 0.06061667876 0.0541279443 0.05208474788 0.05568992674 0.06421318026 0.08249430924 0.1179915293 0.1802068298
0.08564332175 0.06618525601 0.05672655088 0.05255856671 0.05214168571 0.05571831446 0.06397371192 0.08125266039 0.1139725488 0.1698482706 0.2554950403 0.3724796933 0.5131640636 0.6588338555 0.7824773304 0.8565309495 0.8627918535 0.7996682226 0.6828347476 0.5389258369 0.3957220775 0.2737395165 0.182522534 0.1218403143
0.2926073883 0.1874647808 0.1212869972 0.08383456938 0.06469746521 0.05584326637 0.05212618173 0.05493549277 0.06260617119 0.07946913154 0.1130496862 0.1734610527 0.2712628379 0.4129262959 0.5948285395 0.7985705159 0.9913194691 1.133360059 1.191142958 1.150116666 1.020663925 0.8338455363 0.6293267005 0.4418754495
0.09286972841 0.1355716899 0.2063295005 0.3113865447 0.4499972177 0.6102245908 0.768122975 0.8924942198 0.9546206427 0.9389913044 0.8495764374 0.7081939976 0.5458830943 0.3919291628 0.2657865835 0.1746361973 0.115886342 0.08187704523 0.06411536704 0.0557205495 0.05212185047 0.05316811789 0.05824871589 0.06965634702
0.234275339 0.3585761783 0.522921467 0.7133566938 0.901601973 1.050593453 1.125994647 1.108995269 1.003914355 0.8364229949 0.643382151 0.4597738207 0.3089914306 0.1998159441 0.1293162425 0.08843241572 0.06704373174 0.05691772276 0.05256976299 0.05370649283 0.05966498232 0.0730659008 0.100381516 0.150717166
0.5612554089 0.4099962809 0.2820008458 0.1868398462 0.1238698201 0.08649664656 0.06650328261 0.05682997583 0.05258701802 0.05238512463 0.05634160732 0.06543188826 0.08436926538 0.1200572175 0.1806974077 0.2731580301 0.3987301686 0.5487673031 0.7028867977 0.8321845858 0.9076539162 0.9106891976 0.8405185851 0.714521861
0.2655585096 0.1689331434 0.1100581678 0.07775701214 0.06174099239 0.05454536072 0.0525360918 0.05689186085 0.06714113143 0.08901880151 0.131290505 0.2050019537 0.3204991962 0.4820422717 0.6815648596 0.8949696894 1.08465547 1.209529604 1.2393218 1.166473382 1.009243406 0.804294128 0.5928553052 0.4075682112
0.6000930125 0.7701432457 0.9128456425 0.9961909377 0.9996332523 0.9222972395 0.7833385879 0.6142558016 0.4473552761 0.3061022475 0.2010703554 0.1315598781 0.09030002722 0.06822491731 0.05754322826 0.0528574615 0.05262849052 0.056989362 0.06700983538 0.08788734235 0.1272359741 0.1941041774 0.2960735689 0.4345783398
1.023056346 1.129177582 1.145416545 1.067646943 0.9152595952 0.7233287698 0.5295560491 0.3625957226 0.2364911146 0.1518274135 0.1008865182 0.07327406354 0.05974256136 0.05373254918 0.05264739519 0.05711965825 0.06752390845 0.08947610161 0.1313896155 0.2035801866 0.3152362258 0.4692392584 0.6564884072 0.8529981021
0.0540873293 0.05177725928 0.05488236657 0.06227556336 0.0782477549 0.1094919076 0.1646735637 0.2523020014 0.376639351 0.532689981 0.7028291229 0.8580946119 0.9654958025 0.9992529578 0.9508220665 0.8323976338 0.6719385774 0.5024795117 0.3512879742 0.2336099155 0.1524098948 0.102278024 0.07442462269 0.0604440278
0.9576785888 0.8047814455 0.6244361935 0.4501232898 0.3050805362 0.198830612 0.1294764882 0.08884333631 0.06737504098 0.05711322595 0.05266525537 0.05315308665 0.0582930849 0.06996309035 0.09398158616 0.138684038 0.2136633687 0.3264324149 0.4773246103 0.6545862947 0.8328708919 0.9777980366 1.056348046 1.04902055
0.05325432022 0.05839052109 0.06979926354 0.09276028547 0.1345208023 0.2029037301 0.3031651989 0.4336377951 0.5820717756 0.7253836039 0.8346252133 0.8842677615 0.8618580826 0.7730798033 0.6394185493 0.4897368107 0.3502571103 0.2376399181 0.157321967 0.1061802242 0.07691595344 0.06180232374 0.05473649119 0.05173971216
0.0530658102 0.05807545565 0.06946795178 0.09295413165 0.1367403322 0.2103129748 0.3211737962 0.4698152631 0.6448400236 0.8213892742 0.9655424065 1.044522904 1.038741058 0.9496670271 0.7992254035 0.6210506627 0.4483531362 0.3043274854 0.1986106072 0.1294763247 0.08890068047 0.06742641594 0.05714480546 0.05268104558
0.6403056001 0.4885340146 0.3481680617 0.235545495 0.1556747336 0.1050837331 0.07627889037 0.06147419263 0.05458531004 0.05167705278 0.0534586799 0.05887966081 0.07086478141 0.09487069095 0.1383167603 0.2090944239 0.3122999707 0.4457974399 0.5966120171 0.7409025968 0.8492560455 0.8962262446 0.8700087865 0.7772470647
0.05377915641 0.05267561062 0.05719610385 0.0677134595 0.08990624007 0.1322829185 0.2052780328 0.3181895233 0.47394064 0.6633378264 0.8621306547 1.034200344 1.141622748 1.158136084 1.07954438 0.9254442663 0.7313078429 0.5352770241 0.3663497722 0.2387455745 0.1530664898 0.1015097744 0.07356097535 0.05986343845
0.6888304722 0.8428941948 0.950692005 0.9864160153 0.941030998 0.8259759275 0.6684934996 0.5011837876 0.3512335137 0.2340706493 0.1529431033 0.1026916046 0.07468408579 0.06058337355 0.05415300696 0.05169759695 0.05467607105 0.06178851425 0.0771999747 0.1074393323 0.1610150144 0.2463746902 0.3679221314 0.5210721884
0.61787428 0.828455483 1.026667688 1.171479432 1.228602239 1.183638706 1.047960898 0.8540514501 0.6429056784 0.450146327 0.2971630326 0.1897267802 0.1222948303 0.08423468128 0.06483736538 0.05588543745 0.05213664397 0.05522711277 0.06332058399 0.08106820171 0.1163193745 0.179567531 0.2816772556 0.4291421528
0.1476482874 0.09935949546 0.07283538031 0.05966890383 0.05374694819 0.05204279882 0.05555691852 0.06383483279 0.08152428568 0.1157427779 0.1754822515 0.2692037647 0.4004654182 0.5628304314 0.7368056525 0.8918319197 0.99438346 1.019622782 0.9611475356 0.8336209785 0.666814904 0.4943601644 0.3429859766 0.2268031527
0.5909304085 0.4136346956 0.273728179 0.1759817151 0.1149270694 0.08062496072 0.06322076954 0.05522359364 0.05188891968 0.05505891362 0.06284131065 0.07983272296 0.1134319254 0.1734395553 0.2698529299 0.4083782321 0.5846658465 0.7800535519 0.9623436406 1.09350284 1.142346136 1.096546124 0.9676729403 0.7864596096
0.1303160745 0.196847529 0.2957323119 0.4263477692 0.5775308726 0.7267649694 0.8446196786 0.9039102305 0.8898400335 0.8059836171 0.6728158417 0.5196111207 0.3740772537 0.254686963 0.1683213921 0.1125990603 0.0803112476 0.06343294593 0.05544841495 0.05202255593 0.0529638782 0.05772322523 0.06841910413 0.09020404594
0.1133411728 0.173786089 0.2714058224 0.4124413081 0.5930224642 0.7946108466 0.9844850886 1.123363564 1.178373237 1.135650809 1.006002437 0.8204763165 0.6183175179 0.4336668246 0.2870548844 0.1840525327 0.1193797282 0.08286409072 0.06424761274 0.05565319594 0.05205294555 0.05498789853 0.06271478395 0.07966414359
0.4045429909 0.2748129523 0.1804683619 0.1192979752 0.08368738778 0.06498806551 0.05610316743 0.05227455499 0.05304444427 0.05796447528 0.06906943229 0.09178782947 0.1338095135 0.2038396492 0.3084489053 0.4473860056 0.609218971 0.7702490236 0.8990141257 0.9659644303 0.9544274966 0.8673354975 0.7260182493 0.5617383147
0.1041660568 0.07512715137 0.06066819013 0.05414543102 0.05212330381 0.05579160677 0.0644583073 0.08303446597 0.1190794044 0.1822090956 0.2815823943 0.4212625984 0.5947388076 0.7815211499 0.949077053 1.061342819 1.091193222 1.031060352 0.8960413168 0.7177576553 0.5323670503 0.3689097873 0.2429698756 0.1568667598
0.3712336408 0.5103804493 0.6538710087 0.7749414683 0.8465135376 0.8509673906 0.7871705287 0.6709441624 0.5287056887 0.3877661187 0.2681197713 0.1789155897 0.1197344372 0.08452396094 0.06564319247 0.05648726465 0.05246223385 0.0521658621 0.05577040729 0.06407063147 0.08140162793 0.1141390015 0.1699012419 0.2551429624
1.094274523 1.088242771 0.9947450045 0.8367952834 0.6497086964 0.4683602378 0.3171110845 0.2060863322 0.1334774734 0.09086064063 0.0683051167 0.05750535586 0.05281644666 0.05321783797 0.05847622343 0.07043487926 0.09508927075 0.1410554198 0.2182944705 0.3346855004 0.490749983 0.6745262769 0.8599171272 1.011306558
0.06957572041 0.05822214898 0.05316070808 0.0520742666 0.05559720999 0.06382324743 0.08124496334 0.1146370329 0.172381074 0.2620696715 0.3863367493 0.5382042279 0.698575002 0.8385883019 0.9275500803 0.943768297 0.8831235987 0.7607639339 0.604974187 0.4465990232 0.3093952102 0.20527578 0.1350700998 0.09265614662
1.199374338 1.099948511 0.9278209931 0.7217000472 0.5204096802 0.3515147602 0.2268774055 0.1449658799 0.09666532445 0.07098710027 0.05863857366 0.05325434132 0.05339967144 0.05899013034 0.07175837636 0.09819682582 0.1477106371 0.2312995421 0.3578810972 0.528520777 0.7306910303 0.9361978908 1.105948777 1.201559669
0.07336953917 0.100470996 0.1497619791 0.2304760983 0.3488173335 0.5028176362 0.6780183542 0.8471733926 0.9761145519 1.034709385 1.008258988 0.9034718103 0.7457078698 0.5690343567 0.4044024799 0.2714771126 0.1766754363 0.1163112815 0.08176975661 0.06393066375 0.05559063563 0.05205344001 0.05384114819 0.05990352671
0.06797685709 0.09027646822 0.1325886658 0.2049961733 0.3162275263 0.4685201696 0.6521591418 0.8429350783 1.005642449 1.104106982 1.114156257 1.033235546 0.8814596805 0.693511441 0.5058298976 0.3455158614 0.2253437299 0.1452206498 0.09732640283 0.07152817952 0.05896277663 0.05341514615 0.05274557242 0.05734357621
0.9275224644 0.8757896192 0.7612332485 0.6106426557 0.4544749959 0.3170721957 0.2113976212 0.1392682533 0.09518854949 0.07093587996 0.05887739396 0.05344517449 0.05181709505 0.05495007021 0.06234174376 0.07816262604 0.1088167776 0.1624244469 0.2466761729 0.3649011111 0.511453657 0.6688899737 0.8096792376 0.903450864
0.0681333186 0.05735502979 0.05273037964 0.05399938713 0.06042173502 0.07485524589 0.1042534746 0.1583848312 0.2481713687 0.3816230949 0.5579021866 0.7619456682 0.9633664963 1.12244433 1.202486622 1.183518164 1.070357897 0.8906360913 0.683862397 0.487434871 0.3262887927 0.2097145902 0.1345001285 0.09091679455
1.04196678 1.005633253 0.8925910354 0.7299451339 0.5521834098 0.3894550766 0.2600069704 0.1689095038 0.1116213034 0.07922648908 0.06268685191 0.05504037153 0.0518327477 0.05432352329 0.06103534509 0.07577896583 0.1051158511 0.1578497147 0.2431492111 0.3665908305 0.5249360987 0.7020839104 0.8694137436 0.9923982226
0.4362800821 0.6232657217 0.8286478485 1.01796055 1.151300109 1.196793341 1.142939439 1.003319526 0.8110485009 0.6060548539 0.4218385328 0.2775739802 0.1774741934 0.1153511742 0.08066309395 0.06316770253 0.05517529959 0.0520398933 0.0556278294 0.06421038523 0.08283993077 0.119459247 0.1844588411 0.2882210373
0.1103476847 0.07889157121 0.06265940124 0.0550767599 0.05186333756 0.05354435081 0.05913165718 0.07153247501 0.09646968828 0.1417861224 0.2159264959 0.324527538 0.4657071984 0.6261301848 0.7807775034 0.8983619169 0.9513814481 0.9265314866 0.8301136601 0.6854475347 0.5237322722 0.3732344926 0.251852383 0.1653669787
0.3838907853 0.2540828784 0.1641668884 0.1084527856 0.07739061074 0.06174707322 0.05461093595 0.05187275411 0.05515998163 0.06301208848 0.08003152014 0.1134364803 0.1726400438 0.2669986195 0.4014091777 0.5708356275 0.756512295 0.9271426305 1.046671798 1.086491095 1.036530317 0.9093829883 0.735163981 0.5499582639
0.1077346248 0.1595267152 0.2401670341 0.352191232 0.4895010738 0.635018334 0.7627060881 0.8446628597 0.8609364439 0.8073945506 0.6974242899 0.5565091063 0.412674467 0.2876720764 0.192551173 0.1282518988 0.08931428934 0.06807746089 0.05760774393 0.05293025757 0.05183829853 0.05497020079 0.06229881542 0.07785377658
0.1957853385 0.3068741319 0.4642460237 0.6614033036 0.8759022874 1.071082921 1.205379907 1.246520281 1.184088048 1.033795741 0.8310782737 0.6175650354 0.4274575907 0.2797482167 0.1779875102 0.1152551041 0.08045038853 0.06300476911 0.05508327855 0.05227328073 0.0562373816 0.06566329098 0.0859993925 0.1257249129
0.4676009805 0.3225779797 0.2128363964 0.1390314921 0.09455200734 0.07040433086 0.05855281134 0.05328115603 0.05225616727 0.05607571324 0.0649745816 0.08377875047 0.1197371059 0.1817697479 0.277876198 0.4106730318 0.5724681629 0.7426876544 0.8905170332 0.9834413719 0.9987658142 0.9325970373 0.801445275 0.6355496238
0.1892241602 0.1228563841 0.08489410593 0.06529565192 0.05613642406 0.0522531712 0.05424658044 0.06094526209 0.07581929802 0.1057434895 0.1601476734 0.2491993696 0.3797099449 0.5494679084 0.7424917229 0.9287251164 1.070523355 1.134736645 1.105254301 0.9895532631 0.815626814 0.6210107966 0.4397651097 0.2934966867
0.4134934333 0.564379384 0.7161959583 0.8396813635 0.9067088222 0.9006404781 0.8230192447 0.6929334514 0.5394104005 0.3909665861 0.2674111952 0.1768771579 0.1177667151 0.08312690656 0.06482097542 0.05606881845 0.05227437964 0.05267835677 0.05704587971 0.06696420365 0.08738205609 0.1253918409 0.189160816 0.2850937266
0.8160491905 0.9684251334 1.057772069 1.062074144 0.9802374034 0.8325403157 0.6524917435 0.4745481313 0.3238004914 0.2116117629 0.1373058143 0.09316629984 0.06953340405 0.05808988781 0.05306646859 0.05278027804 0.05739762367 0.06801472733 0.09015083745 0.1319017117 0.202905393 0.3112667146 0.4585797329 0.6347914458
0.05195059895 0.0528693319 0.05747562082 0.06782564276 0.08890223812 0.1277025787 0.1920455823 0.2876574793 0.4139206475 0.5600272286 0.7042014211 0.8179997159 0.8751674552 0.8614365722 0.7802953244 0.6515530287 0.5035036329 0.362909738 0.2476008655 0.1642062998 0.1104119335 0.07924737308 0.06295932703 0.05525544494
0.9013597465 0.7062960529 0.5130393802 0.3489974737 0.2267048887 0.1455786885 0.09731567319 0.07143781088 0.05888970406 0.05337384888 0.05297236678 0.05791860544 0.06930751876 0.09308595088 0.1379987196 0.2144934011 0.3314181233 0.4906432278 0.6814712651 0.8782311134 1.04421645 1.142299673 1.148333216 1.060782903
0.05204740771 0.05555413425 0.06378986027 0.08133536912 0.1151690244 0.1740449472 0.2660968289 0.3945475485 0.5527839315 0.7214985369 0.870805404 0.9682623935 0.9902099558 0.9310779808 0.8056754365 0.6431816647 0.4761589234 0.3302121165 0.2186295532 0.1428778008 0.09681894394 0.07160044797 0.05912085094 0.05352484005
0.05645042901 0.06604811323 0.08654187386 0.1261533661 0.195250906 0.3035595956 0.4551097602 0.6423751315 0.842779451 1.021045113 1.138573817 1.16688335 1.098791611 0.951367818 0.7590001826 0.5604134394 0.3863018917 0.2528000115 0.1619278329 0.1065378996 0.07613802093 0.06105954314 0.0542828526 0.05237292863
0.8396121369 0.6867158336 0.5199037817 0.3673976343 0.2462139524 0.1610165029 0.1074879277 0.07724565295 0.06181814306 0.05469172685 0.05170469879 0.0540913101 0.06043482845 0.07435789111 0.1020385887 0.151751962 0.232092278 0.3482440037 0.4970780709 0.6633755653 0.8201955929 0.9351299635 0.9809889183 0.9462175326
0.05627737058 0.05232588784 0.05355954057 0.05925790951 0.07203755305 0.09801149887 0.1457323267 0.2247042296 0.3417962318 0.4960539554 0.6740603148 0.8490927527 0.9864816533 1.054460378 1.036047423 0.9359194777 0.7784875817 0.5982536242 0.4276350747 0.2880644752 0.187356216 0.1225326421 0.08505501294 0.06550594441
0.7502885428 0.8523697807 0.8914020418 0.8575399467 0.7593424055 0.6202683745 0.4695986736 0.3325663105 0.2241558677 0.1482397608 0.1007186794 0.07396514346 0.06036390883 0.05410202772 0.05148595293 0.05382221073 0.05971916762 0.07261908183 0.09817839493 0.1439206605 0.217571981 0.3236359319 0.4589557341 0.6093851509
0.7566500776 0.9442972125 1.085835518 1.148072904 1.11537624 0.9960330187 0.8188489705 0.6218830636 0.4393183631 0.2925682736 0.1883230514 0.1221915856 0.08448339804 0.06507526604 0.05603186164 0.05220886519 0.05442707699 0.06138001665 0.07677319349 0.1076486194 0.1636080485 0.2549088636 0.3882547041 0.5610441252
0.1748966126 0.116702385 0.08260344723 0.06458535939 0.05597175805 0.05223778691 0.05264117311 0.05694738512 0.06672543168 0.08685231322 0.1243162226 0.1871620461 0.2816945077 0.4082028016 0.5568432562 0.7063716613 0.8279602861 0.893910689 0.8878514072 0.8113230423 0.683143862 0.5319114916 0.3857094909 0.2640382602
0.8339283124 0.6220501663 0.4320527573 0.2835307185 0.1806460091 0.1168928556 0.08134691305 0.06344439543 0.05527739051 0.05214133438 0.05590025019 0.06487948222 0.08434287637 0.1225465843 0.1902583504 0.2981829488 0.4519264702 0.6457344742 0.8581469015 1.053365922 1.190144343 1.23574631 1.178639336 1.033218493
0.1846598884 0.282534862 0.4175101594 0.5815964621 0.7537627402 0.9027110936 0.995603371 1.009726675 0.941492256 0.8079124473 0.6397282866 0.4699681304 0.323723551 0.2132824285 0.139145247 0.09454391544 0.07037089174 0.05852634985 0.05326623713 0.05232252806 0.05624530302 0.06537012913 0.08462047103 0.121370688
0.08648550994 0.1254933082 0.1929644138 0.2977872152 0.4430622149 0.620657007 0.8082640516 0.9721407946 1.076373566 1.095550797 1.024801685 0.8817998943 0.6996103047 0.5143210848 0.3537493527 0.2318627574 0.1496560427 0.09997985126 0.07294128477 0.05963766813 0.05370559247 0.05242072271 0.05653339197 0.06613852501
0.2527169164 0.16841891 0.1133116429 0.08097972528 0.06387404172 0.05568669435 0.05213328181 0.0524556954 0.05646652295 0.06558470574 0.08437619824 0.1193982531 0.1782244035 0.2668324575 0.3855902629 0.5253635377 0.6662739876 0.7812287568 0.8440797909 0.8392352603 0.7679269748 0.6477031139 0.5054306141 0.3676072288
0.08701818655 0.06625394232 0.05653181304 0.05240237185 0.05435661579 0.06124770012 0.0765772262 0.1074760656 0.1637616456 0.2560801471 0.3916708284 0.56845504 0.7700219836 0.9651912674 1.114656313 1.18354419 1.154584468 1.03512392 0.8541077579 0.6507158554 0.4607290243 0.3070236856 0.1972049302 0.1271619191
0.2935813528 0.4281215291 0.5872175944 0.7485548395 0.8813468182 0.9555145383 0.9526929929 0.8735996823 0.7377391144 0.5756089295 0.4176488398 0.285361336 0.1879013432 0.123949174 0.08629356371 0.06630261813 0.05670218718 0.05252178006 0.05270944536 0.05715614336 0.06729852695 0.08827107564 0.1274932134 0.1936111388
1.129881758 1.213001696 1.196346598 1.084148723 0.9038498551 0.695225427 0.4962445173 0.3324657322 0.2136402367 0.1367652624 0.09210494703 0.06870043988 0.0576015468 0.05282802719 0.05394062236 0.06029092485 0.07459662117 0.1038056587 0.1577238604 0.2473909874 0.3810352072 0.5581038756 0.7637765647 0.9677058856
0.06261694174 0.05501558126 0.05182481945 0.05424628987 0.06084466772 0.07534861971 0.1042280313 0.1561756225 0.240264274 0.3620478083 0.5183995619 0.6934921877 0.859098755 0.9810890997 1.030646329 0.9952899207 0.8839674542 0.7233868535 0.5476358039 0.3865813598 0.2583530958 0.1680432912 0.1112088354 0.07904814341
1.014713033 0.8619162794 0.6753970217 0.4908915985 0.3344718471 0.217987984 0.1407922123 0.09491076307 0.0703321697 0.05842458414 0.05319480734 0.05286609268 0.0576294708 0.06858788836 0.09144738642 0.1345854572 0.2079885841 0.3200767307 0.4725519249 0.655068378 0.8429764385 1.001146833 1.094158201 1.099099058
0.06227687815 0.07807072127 0.1087422602 0.1625069082 0.2472146541 0.3663957414 0.5145725363 0.6743209243 0.817880615 0.914392466 0.9405528484 0.8897304015 0.7746887366 0.6223933789 0.4637796683 0.3237632499 0.2157725445 0.1418716499 0.0965995671 0.07163284826 0.05919130086 0.05357414127 0.05180032561 0.05491421071
0.06235952167 0.07866657438 0.1108529152 0.1682274803 0.2602262458 0.3921266386 0.5595869552 0.744674199 0.9167133597 1.039694754 1.084328523 1.039343693 0.9160985923 0.7439352218 0.5588643026 0.3915202777 0.2597792167 0.1679342311 0.1106804447 0.0785751873 0.06231575022 0.05485807386 0.0517613585 0.05487706994
0.8128405316 0.70427964 0.5635993998 0.4189920966 0.2926280881 0.1960146876 0.130423592 0.09054168956 0.06870474008 0.05789828801 0.05305242997 0.0517721921 0.05480763539 0.06193668425 0.07712484986 0.1064134209 0.1573813808 0.2370712237 0.3482747196 0.4852686217 0.6313393615 0.7606136641 0.845003122 0.8640209261
0.06270292054 0.05497581914 0.05211943289 0.05582758555 0.06466523753 0.0837769942 0.1212007147 0.1873659717 0.2925523164 0.4419793121 0.6297654376 0.8348252222 1.022355416 1.152576111 1.194256992 1.136851043 0.9948175104 0.8017220614 0.597391581 0.4148130677 0.2725225946 0.1742250839 0.1134710872 0.07968069268
0.9054907308 0.9544833628 0.9252201598 0.8251138511 0.6782682865 0.516075457 0.3664453986 0.2466404192 0.1618351317 0.1082123552 0.07773215013 0.06209158883 0.05482519261 0.05176229006 0.05375485012 0.05962638724 0.07258736161 0.09850641031 0.1453376019 0.2214986739 0.3323506316 0.4754496953 0.6367311225 0.7905621117
0.3919713092 0.5709076353 0.7762116813 0.9766104488 1.132088076 1.206536875 1.181326117 1.062855748 0.87992498 0.6723884595 0.4771846916 0.3183498067 0.2042830967 0.1311833303 0.08909730613 0.06723289577 0.05695186201 0.05256670219 0.05426112153 0.06104348743 0.0761950973 0.1068676454 0.1629905007 0.2554707822
0.07842088884 0.06230192143 0.05487348572 0.0517670055 0.05445181809 0.06133035704 0.07639254301 0.1062665563 0.1597869924 0.2460572452 0.3704397318 0.5293373581 0.706247485 0.872290895 0.9930066732 1.03977278 1.000796778 0.8859327728 0.722645836 0.545373784 0.3838958615 0.255977844 0.166295105 0.1100943744
0.3507272829 0.2289462303 0.1474549119 0.09857539798 0.07215952551 0.05925200806 0.05353543618 0.0526615841 0.05713929251 0.067526759 0.0893803443 0.130982067 0.2024156849 0.3125438938 0.4639097309 0.6472288891 0.8386919952 1.003247146 1.104471996 1.117569216 1.03920998 0.8889042438 0.7011300654 0.5125456087
0.07676483215 0.1062028729 0.1580149731 0.2399944277 0.3558646039 0.500660022 0.6577154835 0.8000375816 0.8972219583 0.9258764253 0.8787431016 0.7676760792 0.6188116344 0.4626101678 0.3239320431 0.2164474716 0.1425641939 0.09711295019 0.07194669014 0.05935684034 0.05365107591 0.05169891356 0.0546534056 0.0616654632
0.2208112765 0.340637914 0.5026051091 0.6950867062 0.8914885045 1.054638317 1.147748226 1.147810058 1.054808087 0.8917255184 0.695341094 0.502834601 0.340818039 0.2209363927 0.141955812 0.09527466936 0.07040153507 0.05841398748 0.05317594031 0.05317182868 0.05840404122 0.07037971388 0.09523133915 0.1418781547
0.6362031574 0.4699457732 0.3253402684 0.2152257391 0.1407438352 0.09561293449 0.07098410018 0.05883535785 0.05340478265 0.05211177125 0.05571241966 0.06414245454 0.08204504853 0.1164551329 0.1761326683 0.2691079278 0.398353401 0.5568897081 0.7250537396 0.8728007461 0.9678727178 0.9871340144 0.9256940456 0.7989184804
0.214973885 0.1393762929 0.09431603832 0.07011087541 0.05835280759 0.05317515869 0.05269628389 0.0571945984 0.06757029089 0.08927198042 0.1303374622 0.2004128255 0.3077407491 0.4542153098 0.6301948715 0.8121956544 0.9664114491 1.058430563 1.065623984 0.9861627405 0.8397710525 0.6597931283 0.4809186552 0.3287016381
0.5493643721 0.694028963 0.8101944573 0.8712501358 0.8620030588 0.784803695 0.6585782864 0.5113101706 0.3700376422 0.2532078821 0.1680895567 0.1128078447 0.080573682 0.06362112733 0.05555405041 0.05207270758 0.05268934914 0.05704503879 0.06689083216 0.08706381842 0.1244356058 0.1868178467 0.2801633819 0.4043734397
0.9173599623 1.062300394 1.131311684 1.107118908 0.9958630097 0.8245761095 0.6305390114 0.4482265171 0.3000117372 0.1936554394 0.1255466494 0.08636133298 0.0660175408 0.05645778136 0.05238288066 0.05400981696 0.06038607575 0.0746212375 0.1034194885 0.1560769509 0.2427852423 0.3706697543 0.5381729013 0.7301751979
0.0563064406 0.05237142388 0.05258401566 0.05682068519 0.06647753807 0.08643242644 0.1237250925 0.1865444368 0.2814537117 0.4090754761 0.5598457405 0.7125570825 0.8380236685 0.9078012567 0.9046052369 0.8292483237 0.7003058472 0.5466962679 0.3972126901 0.2721425422 0.1800766494 0.1197105325 0.08419234717 0.06534938165
1.024888258 0.8213944719 0.6086369536 0.4202663579 0.2746106284 0.1747032602 0.1133660692 0.07946912098 0.06254322037 0.05488632532 0.05236185966 0.0564585555 0.06616397462 0.08702477083 0.1276190017 0.1989275972 0.3115253355 0.4703236317 0.66828015 0.8823735181 1.075610978 1.206587575 1.243729261 1.177624782
0.05641895412 0.06574285319 0.08533735778 0.1225965794 0.1864990717 0.2848954975 0.4199569093 0.5832846071 0.7535555752 0.8995114271 0.9887965752 0.9995224194 0.928962619 0.794675461 0.6274244056 0.4597837043 0.3161617769 0.2082224651 0.136083925 0.09286545417 0.06953548757 0.05814840365 0.05311065803 0.05239539177
0.05204985564 0.05566726517 0.06434020117 0.0832099644 0.1203903349 0.1865491836 0.2924357377 0.4439450315 0.6358764883 0.847458273 1.043439265 1.182677125 1.23195895 1.178834081 1.03670945 0.8393687286 0.6279656163 0.4373071759 0.2875420714 0.1833389375 0.1185022596 0.08220952046 0.06386101636 0.05545930489
0.819641141 0.6518151212 0.4806945459 0.3321026096 0.2191127261 0.1427848208 0.0965917508 0.07141275674 0.05900673929 0.05346732104 0.05220111935 0.05594809693 0.06471105906 0.08329977479 0.1189874525 0.1808068164 0.2769980357 0.4105332115 0.5740828051 0.7472459495 0.8989918949 0.99613377 1.015012633 0.9508342901
0.05207570316 0.05466030998 0.06192057147 0.07790684903 0.1097937767 0.1672553378 0.2604460193 0.395684784 0.5696982649 0.7650785087 0.9505081338 1.087894019 1.144837928 1.10700761 0.9839805877 0.805316619 0.6090513318 0.4287091412 0.2847963518 0.1832319415 0.1191921498 0.08288794572 0.0643069851 0.05569627515
0.7146830613 0.8351624993 0.89885975 0.8899313459 0.8106468875 0.6804546485 0.5282511963 0.382039487 0.2609865929 0.1727019427 0.1153099684 0.08181551554 0.06418501863 0.05578831705 0.05216175349 0.05275692953 0.0572274901 0.06734126598 0.08808075495 0.1265352941 0.1907827406 0.2870110158 0.4151901903 0.5649927669
0.503306729 0.6823984295 0.8574596972 0.993587941 1.059195638 1.037870013 0.9350253206 0.7756764755 0.5945802022 0.424034884 0.2851223006 0.185271714 0.1212281424 0.0843263557 0.0651403263 0.05611187166 0.05225810781 0.05369047781 0.05957108179 0.07271804276 0.09935285171 0.1481262151 0.2285621057 0.3473890711
0.144131461 0.09833362427 0.07271409197 0.05976951159 0.05384575648 0.0514619571 0.05403972255 0.06021644745 0.07364720013 0.1000946105 0.1471256049 0.2223486651 0.3299068761 0.4660549236 0.6160036336 0.75472427 0.8530649895 0.8875555339 0.8494807063 0.7484475814 0.6084587548 0.4586766686 0.3237159092 0.2177844439
0.574015718 0.3971490255 0.2604839779 0.1668028904 0.1093225201 0.07757509714 0.06173129522 0.05456779214 0.05223293485 0.05610301452 0.0652666662 0.08495227683 0.1232382889 0.1904534341 0.2965233098 0.4460181343 0.6322421102 0.8334722273 1.014883891 1.137571856 1.171946945 1.10929796 0.9653673264 0.7739425991
0.1492963617 0.2282068025 0.3427161436 0.4900484823 0.6554605283 0.8124346031 0.928720619 0.9768948966 0.9448322344 0.8406498715 0.6893788181 0.5232207068 0.3705536234 0.2487325915 0.1627636065 0.1085598929 0.07783319392 0.06210757793 0.05482039864 0.0517564674 0.05394715446 0.06009599768 0.07363446731 0.1006376857
0.1367431021 0.2115579354 0.3253931252 0.4796445928 0.6634752716 0.8517080192 1.008885717 1.099660674 1.10162877 1.014289519 0.8592522014 0.6715724944 0.4869493942 0.3311266066 0.2155404819 0.1392150112 0.09400510983 0.06986551097 0.05820782003 0.05310375453 0.05297287139 0.05789121082 0.06917090546 0.09262585069
0.3149670779 0.2095731482 0.1379547232 0.09437005571 0.07048576739 0.05865657221 0.05334788961 0.05191183465 0.05519019272 0.06289579429 0.07932541484 0.1110339794 0.1662600927 0.2526847615 0.3734022124 0.5222764942 0.6812205511 0.8221423705 0.9144603822 0.9357767157 0.8806821543 0.762979358 0.6100805455 0.4526757483
0.1407559399 0.09428228139 0.06977499453 0.05808228594 0.05302331575 0.05371627566 0.05975809854 0.07345059859 0.1015791428 0.1538306958 0.2412973102 0.3725695865 0.5478166607 0.7531482373 0.9589831077 1.12546477 1.214576492 1.20417405 1.096902042 0.9191049909 0.7103434834 0.5091969595 0.3422533961 0.2202360702
0.3563344764 0.5111367694 0.6853237388 0.8511094764 0.9745280889 1.026516997 0.9939977493 0.8852059239 0.7263128338 0.5512254871 0.3899774559 0.2610564109 0.1699163586 0.1123576545 0.07967785895 0.06292726989 0.05515362152 0.05188039757 0.05409782292 0.06049538396 0.07460225577 0.1027816525 0.153638828 0.2362487888
1.178714403 1.153602424 1.037580895 0.8588428849 0.6562993663 0.4659503699 0.3111724543 0.2000875543 0.1289393321 0.08799913135 0.06674115223 0.05675038399 0.05249116828 0.05417970616 0.06082750319 0.07567097398 0.1057041854 0.1606279242 0.2510819811 0.3845130017 0.5593124638 0.7597200297 0.9551514991 1.106542431
0.06715613774 0.05708789461 0.05268007184 0.05257118559 0.05682449613 0.06657827015 0.0868586385 0.1250016505 0.1896798653 0.2880829253 0.4214104747 0.5802876349 0.7429474627 0.8787443347 0.9571357683 0.9587731053 0.8832399715 0.7492237649 0.5870240317 0.4274876226 0.2928528293 0.1929930974 0.1270581246 0.08800609524
1.089965063 1.014827075 0.8692409837 0.6866566996 0.5028250169 0.344772501 0.2256204054 0.1457622716 0.0977909166 0.0718286931 0.05912518263 0.05349129746 0.05255448569 0.0568605154 0.06686325731 0.08793653369 0.128109756 0.1971920557 0.3038603743 0.4507162153 0.6289090949 0.8154472797 0.9762999714 1.075934117
0.0661658181 0.0855378128 0.1215015008 0.181665222 0.2719005861 0.392276654 0.533200708 0.6743229522 0.788282367 0.8490374708 0.8414860255 0.7675477585 0.6453739493 0.5021268505 0.36424055 0.2498920897 0.1663752013 0.1120092871 0.08024018795 0.06349720018 0.05551358848 0.05206137242 0.0525645197 0.05673032653
0.08085454851 0.1156551283 0.1778643773 0.2779092422 0.4217968977 0.6051125438 0.8085562245 0.9986935914 1.135914451 1.187618677 1.140760168 1.007179264 0.8187564079 0.6150874616 0.4301666791 0.28407977 0.1819122628 0.1180358656 0.0821160491 0.06387515257 0.05548636728 0.05198547052 0.05522413806 0.06327092493
0.9410484553 0.8491407869 0.7059590494 0.5427896908 0.3888269567 0.2632189263 0.1728018767 0.114731506 0.08122898536 0.06378895937 0.05557232662 0.05206097676 0.05328617837 0.05853170135 0.0702727008 0.09408786144 0.1377521793 0.2098557429 0.3165201391 0.456689795 0.6179733693 0.7759791157 0.8992816428 0.9593075595
0.07555685914 0.06088838141 0.05424571294 0.05200770956 0.05549536031 0.06376648011 0.0815632058 0.1162324404 0.1772013917 0.2735859062 0.4096900636 0.5795950438 0.7636591515 0.9301753906 1.043525594 1.076408766 1.020494549 0.8898414484 0.7151704742 0.53216988 0.3698885148 0.2442355288 0.1579419234 0.1049013582
0.8577241319 0.8684381127 0.8089970495 0.6942075127 0.5504295403 0.4057882053 0.281510989 0.1878742392 0.1251495014 0.08748871317 0.06711616316 0.05715226766 0.0527353478 0.05202017249 0.05542332001 0.06332519168 0.07996492219 0.1116714697 0.1661681032 0.2502723313 0.3659995494 0.5063346318 0.6531312766 0.7795779948
0.4398651902 0.61910792 0.8103372258 0.979713921 1.09045636 1.11568747 1.04900418 0.9071092987 0.7230333169 0.5336914106 0.368149791 0.2415253943 0.1555243153 0.1032120727 0.07455835455 0.06037336856 0.05401025332 0.05231118135 0.05627182608 0.06557705826 0.08540856579 0.1236652529 0.1902647325 0.2944363252
0.1016569981 0.0743213263 0.06048037446 0.0541333083 0.05150512646 0.05416679345 0.06055753212 0.07448241782 0.1019610184 0.1509328319 0.2294397761 0.3419687922 0.484796064 0.6426062531 0.7892278337 0.8939599684 0.9318543042 0.8933411388 0.7881441606 0.6413036313 0.4835222174 0.3408999373 0.2286517815 0.1504159105
0.4560331966 0.3026246006 0.193853752 0.1249718456 0.08576075389 0.06561157018 0.0562376063 0.05228097639 0.054722956 0.06212340776 0.07848177037 0.1112407786 0.1705163257 0.2670613584 0.4078084606 0.5898214661 0.7953858609 0.9919841723 1.139525794 1.20335468 1.167428397 1.040850152 0.8541326799 0.647281275
0.1125990524 0.1706050435 0.2626643214 0.3932063035 0.556929228 0.7352844282 0.8978633258 1.010090766 1.045016288 0.9937990653 0.8693328186 0.7009874478 0.5233870067 0.3650587223 0.241910235 0.156988284 0.1045890783 0.07549216717 0.06089530039 0.05426189861 0.05187366296 0.05514473916 0.06292905268 0.07973729793
0.1358171603 0.2091543972 0.3201435477 0.4696642861 0.6466791742 0.826445904 0.9747258156 1.057966773 1.055566752 0.9681360715 0.8172460304 0.6368048649 0.460756284 0.3131517013 0.2042977538 0.1328026966 0.09066874888 0.06828136417 0.05752121221 0.0528320345 0.05299164932 0.05790732093 0.06912843774 0.09235074872
0.4932878763 0.3537067812 0.2404384246 0.1592914345 0.1074049215 0.07759583787 0.06214142039 0.05488907685 0.05180183777 0.05311839382 0.05806729181 0.06910099658 0.09139193634 0.132093149 0.1990148471 0.2975617956 0.4264169416 0.5738249188 0.7171670705 0.8277043107 0.8797091222 0.8601560493 0.7740073058 0.6421730977
0.1496815292 0.09964624765 0.07263026413 0.05944113638 0.05360487636 0.05276330096 0.05740631663 0.06816802909 0.09078916484 0.1338133628 0.2076206717 0.3212967159 0.4773732694 0.6661715314 0.8630689156 1.031939075 1.135358426 1.147977087 1.066587646 0.9114455526 0.7181012656 0.5242291117 0.3580814731 0.2331784626
0.5399566922 0.7093994541 0.8622148539 0.9656399387 0.9947349515 0.9421270206 0.821036361 0.6598941678 0.4915354288 0.3425553799 0.2274116258 0.1484662773 0.1000177805 0.0732537377 0.05989447097 0.05385322032 0.05187656224 0.05512982109 0.06283432169 0.07938834152 0.1115897853 0.1681336869 0.2573816291 0.3831948345
0.9050043152 1.091246203 1.210566445 1.233908243 1.155344194 0.9945141739 0.7886707126 0.5787187789 0.3963618474 0.2576666771 0.163955433 0.1072314453 0.0763066681 0.06106696236 0.05426110736 0.0526953656 0.0572848348 0.06801993367 0.0907960509 0.1345307101 0.2103032635 0.3282285336 0.4919696271 0.6925614072
0.05277699774 0.05272738231 0.05723170036 0.06754956207 0.08897836331 0.1292341438 0.1974119176 0.3010061009 0.4411716878 0.6079329444 0.7783297562 0.9201729048 1.001512536 1.002258653 0.9222215177 0.7811897935 0.6110026333 0.4439409563 0.3031796672 0.1989216947 0.1301712345 0.08950123071 0.06781287982 0.05735172249
0.8395991405 0.6474802151 0.4637822398 0.312271813 0.2021468082 0.1307803126 0.08925361584 0.06745762906 0.05710595268 0.05264722475 0.05357580157 0.05935082432 0.07237988449 0.09902270134 0.1482806662 0.2303310039 0.3528336732 0.5154460867 0.7047357543 0.892935196 1.04323902 1.121136487 1.10722472 1.005039338
0.05224945632 0.05601358517 0.06471366359 0.08294880245 0.1175289352 0.176669374 0.2674627133 0.3916877713 0.5413664777 0.6967152002 0.8290262072 0.9088602886 0.9166114696 0.8503091789 0.7264296234 0.5732616359 0.420464524 0.2900522676 0.1923627782 0.1272713592 0.08838593335 0.06745247854 0.0572622898 0.0527658046
0.0552092537 0.06318516633 0.08054408858 0.1147590076 0.1756621987 0.2731724485 0.4127504488 0.5896433054 0.7847457524 0.9655853394 1.094220058 1.139975378 1.091292642 0.9604589443 0.7785835968 0.5836172583 0.4076941193 0.2694447469 0.1732168303 0.113320791 0.07978201559 0.0628201556 0.05505084407 0.05188363547
0.8009419454 0.6653035528 0.5114279927 0.3667013449 0.2489423908 0.1643763449 0.1101833765 0.07898333395 0.06277472583 0.05515331025 0.05190262171 0.05316001414 0.05818960898 0.06942534595 0.09217021471 0.133786552 0.2023611634 0.3035745694 0.436250068 0.5884717162 0.7370505301 0.8523168573 0.9075009515 0.8887929264
0.05623311284 0.05227522452 0.05491065283 0.06258248685 0.07950700935 0.113330856 0.1744047542 0.273660892 0.4180226789 0.6042306864 0.8139026362 1.013644628 1.162569772 1.225625677 1.186952511 1.056345346 0.8652357479 0.6544367245 0.46015681 0.3047302168 0.1947912974 0.1253244395 0.08586417239 0.06562849557
0.8894483163 0.9944028299 1.022415902 0.9663856515 0.8403800394 0.6739145342 0.5007603388 0.3480559157 0.230377038 0.1499070673 0.1006457056 0.07349743718 0.05997768578 0.05387766783 0.05197966102 0.05540056995 0.06348403327 0.08081282303 0.1144428323 0.173352855 0.2661002384 0.3964916253 0.5584657375 0.7329078426
0.6570709128 0.8565447458 1.030728878 1.141442638 1.161691598 1.086332663 0.9341898087 0.7404357626 0.5434379046 0.3727551583 0.2432169986 0.1558641529 0.1030864858 0.07436410612 0.06023407144 0.0539343941 0.05257786092 0.05695659758 0.06718168435 0.08883882174 0.1303522072 0.2021461725 0.3136669572 0.4681978907
0.2391659485 0.1563162002 0.1046874139 0.07574582312 0.06109322013 0.054374616 0.05159626542 0.05441870893 0.06119482059 0.07595794676 0.1050877446 0.1569968769 0.240203571 0.3594551302 0.510795429 0.6779861902 0.8332916192 0.9441869377 0.9842532524 0.9433720699 0.8318646507 0.6762709129 0.5091180419 0.3580476737
0.6123644625 0.4403636303 0.2980003443 0.1942004694 0.1267383611 0.08737574183 0.06666090459 0.0567973368 0.0525381101 0.05325102501 0.05852118435 0.07044142018 0.0948800804 0.1401836155 0.2158567355 0.3291708314 0.48006928 0.6563707711 0.8324733437 0.9741283624 1.048910326 1.038216637 0.9447655915 0.7914772732
0.2119745736 0.3161494607 0.450254101 0.6009059286 0.7439857566 0.8501199943 0.8942890267 0.8653773094 0.7707050312 0.6330260253 0.4816679294 0.3425115927 0.2314127622 0.152973161 0.1034948174 0.0754349465 0.06106831226 0.05440822176 0.05160685585 0.05358117011 0.05916318424 0.07145849913 0.09599215105 0.1402193213
0.09692987445 0.1454638205 0.2277295675 0.3528391464 0.5222759147 0.724079372 0.930557524 1.102775774 1.201981456 1.203683149 1.10744811 0.9370805095 0.7310805281 0.5285919025 0.3577965051 0.2311730005 0.1476011029 0.09812241667 0.07171558772 0.0589686526 0.05339011376 0.05327695041 0.05869490662 0.07111501669
0.2773506205 0.1806772183 0.1187440437 0.08309799779 0.0645847781 0.05588205912 0.05217115285 0.05362614587 0.0593953782 0.07227997603 0.09835558339 0.1460527912 0.2246243523 0.3405568256 0.4924750742 0.6667057465 0.8366809524 0.9684398728 1.031373395 1.009730476 0.9090051088 0.7536774972 0.5775735749 0.412012746
0.08925628703 0.06750000774 0.05714000831 0.05266618726 0.05341141401 0.05894199333 0.0714518974 0.09710082738 0.1446504789 0.224079869 0.3430257201 0.5014341273 0.6865235687 0.8714214618 1.020172718 1.098729597 1.087550986 0.9894784564 0.8285664027 0.6405218169 0.4599281018 0.3104419214 0.201441724 0.1305956599
0.2656337509 0.3908353365 0.5430647399 0.7028219283 0.8410737557 0.9273455445 0.9405449155 0.877317931 0.7534293768 0.597393985 0.43986208 0.304128531 0.2016098127 0.1327813781 0.091368469 0.06892072178 0.05792022294 0.05303437023 0.05215233584 0.05578827536 0.06424688055 0.08209385151 0.1161691186 0.1748591332
1.061340841 1.088225594 1.025477758 0.8888309908 0.7101809955 0.5255355889 0.3634977922 0.2391548162 0.1544556116 0.1027931534 0.07442051885 0.06033864507 0.05400593427 0.0521909757 0.05595916948 0.06483424232 0.08379686809 0.1204723897 0.18449093 0.2849083477 0.4255219766 0.5994190609 0.7857047186 0.9516434162
0.05614486087 0.05231959321 0.05231299778 0.05612890619 0.06486353761 0.08299080051 0.1170185422 0.1746030163 0.2620281817 0.3802098913 0.5206716312 0.6640127966 0.7831085381 0.8511071132 0.8512062965 0.7833808656 0.6643929887 0.5210796925 0.3805780168 0.2623171188 0.1748037142 0.1171431115 0.08306030616 0.06489854083
1.13870824 1.013940278 0.8311243945 0.6293242785 0.4432373069 0.2942975731 0.1889040943 0.1222840365 0.08442716034 0.06500691637 0.05598705404 0.0521860815 0.05468491388 0.0620077812 0.07816795863 0.110475496 0.1688324248 0.2637085679 0.4017550691 0.5798955236 0.7805864139 0.9719012171 1.114703398 1.175393357
0.05775202366 0.06861369383 0.09090548034 0.132273862 0.2014515512 0.3051626024 0.4434520167 0.6052620394 0.7671923475 0.8978221637 0.9672872134 0.9583168463 0.8731914549 0.7328035863 0.5683489092 0.4101471974 0.2790178564 0.1832877101 0.1209973802 0.08461194421 0.06544333609 0.05630648991 0.05235703343 0.05295480666
0.05879210402 0.07109579483 0.09632659948 0.1431100176 0.2212749502 0.3383518525 0.4943069408 0.6765776576 0.8587199691 1.005328831 1.08285429 1.072013626 0.9755625409 0.8171606326 0.6319669251 0.454056179 0.3067536684 0.1993217318 0.1294805445 0.08871953243 0.06726357878 0.05704470826 0.05263103514 0.05335367673
0.8338461748 0.7446082832 0.6133528921 0.4681696925 0.3340900571 0.2266407786 0.1505211299 0.1023546437 0.07495654784 0.06088792869 0.05434747887 0.05158877043 0.05333868144 0.0585645911 0.07010803993 0.09320801357 0.1349748326 0.2029494041 0.3019629688 0.4298893336 0.574214389 0.712052197 0.8152564168 0.8595677214
0.05883322282 0.05334530504 0.0530946642 0.05822693475 0.07001677142 0.09457398488 0.1408448577 0.219453558 0.3392893795 0.5020076069 0.696383784 0.8959927021 1.063384451 1.160998087 1.164766325 1.073730934 0.9104373764 0.7118874762 0.5159942041 0.3502674956 0.2270792134 0.1455780799 0.09721505218 0.07134686496
0.9517329021 0.9725698444 0.9138772734 0.7903486659 0.6307002361 0.4668685798 0.3238910102 0.2146978191 0.1406419781 0.09565647266 0.07104780405 0.05888060768 0.05342933594 0.05202777257 0.05549660556 0.06363645108 0.08096275524 0.1143441836 0.1723799994 0.2630311214 0.3893963091 0.5448831107 0.7104342768 0.8566553769
0.3359207989 0.5006104572 0.699962407 0.9080382853 1.086708238 1.196404516 1.210247608 1.12471901 0.9611096274 0.7569322516 0.5520146725 0.3762770157 0.2440832281 0.1556625258 0.10264843 0.07400940052 0.06002094465 0.05382796067 0.05290451222 0.05778825196 0.06911341251 0.09293069596 0.1382529193 0.2160434264
0.08745849145 0.06674538196 0.05685127326 0.05256554109 0.05307794175 0.05809051309 0.06946360083 0.09285502659 0.1363598348 0.209277083 0.3188600276 0.4653657083 0.6373087826 0.8100353755 0.9501866611 1.025804452 1.01810948 0.9290581513 0.7805369605 0.6056460566 0.4367993499 0.2964363055 0.1936994475 0.1266896867
0.295701324 0.1914108526 0.1244885363 0.08591100797 0.06584518103 0.0563987961 0.05236499808 0.05383213686 0.05994217754 0.07360768889 0.1013046687 0.1520450063 0.2357625149 0.3594965858 0.521938163 0.7086364912 0.8912749067 1.033470951 1.102244328 1.080393489 0.9734663466 0.8074788238 0.6186582893 0.4407182598
0.08636373496 0.1238827436 0.1873880627 0.2838225761 0.4142129114 0.5692251124 0.7274659875 0.8590041671 0.9341897505 0.9344466664 0.8597095801 0.7284508041 0.5702821192 0.4151664712 0.2845710138 0.1879079331 0.124205417 0.08654377649 0.06647110352 0.05679459262 0.0525652849 0.05254820066 0.05675326496 0.06638043416
0.2625895555 0.3997422919 0.5766060381 0.7756964072 0.9652833597 1.106544067 1.166223393 1.129309699 1.005152012 0.8236247675 0.6234818674 0.439081402 0.2915976515 0.1873018534 0.1214153464 0.08399680853 0.06481208538 0.05590643896 0.05215559262 0.0546717825 0.06196827517 0.07806157046 0.1102176544 0.1682679724
0.5693668906 0.4100328886 0.2784239017 0.1826393457 0.120491159 0.0842869132 0.06526348061 0.05621885206 0.05231898708 0.05306358671 0.05801911169 0.06921116941 0.0921223699 0.1345285168 0.2052476927 0.3109627476 0.4514794618 0.6153008068 0.7784962708 0.9092242305 0.9775069104 0.9663454918 0.8785768523 0.7357057649
0.2501749571 0.1621839813 0.1075417955 0.07701266446 0.06160600877 0.05456383381 0.0517779057 0.05490753755 0.06239795326 0.07866604738 0.1106620509 0.1674891654 0.2582619854 0.3878731223 0.5516822562 0.7317659268 0.8979559639 1.015256558 1.055642637 1.008906033 0.8868350829 0.7183980316 0.5386094933 0.3769038949
0.5042859497 0.6553545658 0.7882811752 0.8740721229 0.891860448 0.8371299633 0.7235723306 0.5775376834 0.4281413695 0.298076915 0.1989532445 0.1318549672 0.09116911813 0.06895088714 0.05798397158 0.05307850508 0.05188372525 0.05509854707 0.06263009925 0.07863508976 0.1094185144 0.1628434837 0.2461384038 0.3620184269
0.9835973255 1.103921727 1.13890144 1.079675173 0.9411347232 0.755858984 0.5617100918 0.3895169594 0.2561723491 0.1645858051 0.1082857887 0.07713476033 0.061561675 0.05450865474 0.05212765914 0.05582419972 0.06459156655 0.0834579275 0.1202146293 0.184861391 0.2870713739 0.4314187638 0.6116379523 0.8069066054
0.05439840147 0.05160024071 0.05372531681 0.05951396705 0.07223778511 0.09757215991 0.1431420231 0.2169052198 0.323732035 0.4608779062 0.6144577067 0.7597109078 0.8667008522 0.9101535632 0.8791258052 0.781469676 0.6406139173 0.4864580239 0.3451975457 0.2327319371 0.1535255699 0.103679969 0.07547465657 0.06106460401
1.074673621 0.8888387671 0.6784965331 0.4809816053 0.3204867762 0.2053691526 0.131679865 0.08930037374 0.06730652228 0.0569751634 0.05257294452 0.05436254382 0.06129597756 0.07676944053 0.1080612288 0.1652562825 0.2593989248 0.3981895574 0.5798933782 0.788061749 0.9908672653 1.147729853 1.222179297 1.195576441
0.05461954308 0.06170152977 0.07712799625 0.1075604589 0.1617795184 0.248669718 0.3731711415 0.5311327553 0.7055845826 0.867568207 0.9831483936 1.024785109 0.9819626658 0.8654918011 0.7030886536 0.5286919601 0.3711231263 0.2471598545 0.1607890529 0.1069779298 0.07681933082 0.06155368875 0.05455538246 0.05166911729
0.05304040404 0.05813345907 0.06991364335 0.09462288241 0.1415157768 0.2217773015 0.3450985239 0.5139805269 0.7176731707 0.929345514 1.109953064 1.219351757 1.230688044 1.141080047 0.9728041048 0.7643217545 0.5560689488 0.378138328 0.2447312653 0.1557659479 0.1025759952 0.07391996792 0.05996013303 0.05379578094
0.753019416 0.5815449235 0.4178274072 0.2829590849 0.1850351008 0.12163828 0.08478364434 0.06545740083 0.05628679519 0.05234020342 0.05321923703 0.05841172826 0.07011634015 0.09402954143 0.1382004515 0.2117070338 0.3213429039 0.4667153333 0.6357225563 0.8034871888 0.9371381406 1.005956401 0.9927930551 0.9009932582
0.05299239463 0.05317296796 0.05838519746 0.07028113975 0.09489550659 0.1409588267 0.2186624013 0.3362352814 0.494589809 0.6820148735 0.8722929171 1.029168098 1.117135128 1.114420017 1.021713206 0.8618852138 0.6708441802 0.4845122777 0.3283254664 0.2131681141 0.1375485783 0.09299266405 0.06932284505 0.05794839134
0.6721293959 0.8102715742 0.9003314435 0.9204406805 0.8654955138 0.7492547547 0.5987578364 0.4441463394 0.3090989873 0.2058853809 0.1358373925 0.09325926148 0.06995322683 0.0584232295 0.05325443487 0.05190109552 0.05515595207 0.0627980929 0.07907455669 0.1104522404 0.165038485 0.2503573888 0.3693736103 0.5159337258
0.5716097456 0.75401616 0.9196630417 1.033220343 1.067377556 1.013484883 0.885101209 0.7124678022 0.5309743248 0.3696027202 0.2443705644 0.1581887194 0.1051143792 0.07569681597 0.06096541733 0.05428255028 0.05195246223 0.0553526387 0.06343026783 0.08084131399 0.1148205224 0.1746877064 0.2695160106 0.4037042037
0.1236114159 0.08656178955 0.0666203886 0.05691490722 0.05263307359 0.05214960413 0.05574570218 0.06405591715 0.08147072304 0.1144890099 0.1709472931 0.2576051159 0.3761455113 0.5189388514 0.6670956429 0.7932248127 0.8692555189 0.8765136045 0.8131538379 0.6949196862 0.5488048079 0.4030913537 0.2787573149 0.1856420527
0.6349548766 0.4502114063 0.300604009 0.1936210248 0.1253319975 0.08616366202 0.06588900767 0.05638929003 0.05235147241 0.05420136641 0.06085390024 0.07566330272 0.1055355048 0.1599918121 0.2493799324 0.3807759974 0.5522477343 0.7479646701 0.9377288807 1.083376815 1.150952377 1.123519181 1.008037566 0.8325042858
0.1290489263 0.196786267 0.299463109 0.4380240921 0.6023858021 0.7697104003 0.9082316081 0.986661538 0.9856045485 0.9053294333 0.765658716 0.5980371111 0.4341009903 0.2963839086 0.1946474261 0.1277213856 0.08822097964 0.06720261818 0.05708628704 0.05267161815 0.05274190705 0.05725631885 0.06757565188 0.08896170741
0.1178254897 0.180507856 0.2798327041 0.4204404938 0.5964576842 0.7877786362 0.9616477591 1.081002023 1.11714497 1.060924638 0.9264872358 0.7455107808 0.5551188683 0.3857490342 0.254252513 0.1637238359 0.1079518155 0.07702800863 0.06153698973 0.05450715422 0.05204048132 0.05559564971 0.06404429265 0.08226121179
0.3624131597 0.244649602 0.1609964724 0.1079290342 0.0776703629 0.06209664339 0.05484001107 0.05177238999 0.05355320306 0.05913357804 0.07148786739 0.09626761796 0.1411784957 0.2144520002 0.3214671929 0.4601351581 0.6171110417 0.7676962241 0.8812749148 0.9312114756 0.9049625043 0.8091812057 0.6669859624 0.5089195654
0.1190771993 0.08261357071 0.06409267498 0.05557339695 0.05201733476 0.0552856971 0.06342975998 0.08122954701 0.1164652394 0.1794657578 0.2808057996 0.4265910305 0.6123732858 0.818618526 1.011453907 1.150721742 1.203341918 1.156038039 1.02076365 0.8298092874 0.6233169164 0.4357736538 0.2875755962 0.1839067739
0.418854869 0.5868760453 0.7651942068 0.9219777528 1.02301218 1.043716736 0.9788346038 0.844594628 0.6721345468 0.4958147843 0.3423856611 0.2255048531 0.1464170067 0.0984785492 0.07230884265 0.05939584666 0.05362181494 0.05223155054 0.05603816597 0.06495322337 0.0838919104 0.1203054083 0.1834789786 0.2819361638
1.170292259 1.181207224 1.095404729 0.9342156676 0.7344841671 0.5349534613 0.3644620019 0.2366241066 0.1513675067 0.100391959 0.07292741935 0.05954729986 0.0536386259 0.05291130833 0.05778848573 0.06906993928 0.09273434458 0.1376468353 0.2145231012 0.3326500004 0.4944291622 0.6895692311 0.8923722106 1.065434595
0.0733725523 0.05999119297 0.05390894905 0.05171134264 0.05469988916 0.06181325873 0.07717585848 0.1072174217 0.1602566391 0.2444521153 0.3638716203 0.5136848235 0.6769388308 0.8258163232 0.9286665862 0.9607952675 0.9140698957 0.8002542066 0.6462102787 0.4836326096 0.33865286 0.225857644 0.1480568847 0.1000410471
1.054149466 0.9513233437 0.7904476037 0.6067234309 0.433103503 0.2912815989 0.189079697 0.1233727379 0.08542722783 0.06565564879 0.05633193466 0.05234386847 0.0536666106 0.05952729435 0.07265717876 0.09931437524 0.148236458 0.2291031851 0.3488583398 0.506413945 0.6879459514 0.8660942571 1.005494548 1.073876464
0.07244504293 0.09772722615 0.1428845333 0.2154443986 0.3197069811 0.4524053655 0.599498857 0.7367541291 0.8355380392 0.8723649971 0.8379405815 0.7409613831 0.6045561658 0.4573509711 0.3238567371 0.2185037451 0.1448914628 0.09890758078 0.07307048237 0.05996021297 0.05393560977 0.05142326867 0.05380560141 0.0596606454
0.07245851809 0.09943946293 0.1496088319 0.2336764199 0.359984815 0.5288052336 0.7268755293 0.925770261 1.087057958 1.173950848 1.164867012 1.062115944 0.8909475756 0.6894977704 0.4950825854 0.3335134224 0.2152867735 0.1381929837 0.09306866638 0.06924953609 0.05787427481 0.05294803287 0.05355295876 0.0593372697
0.9625693748 0.8955776946 0.7670882427 0.6065742896 0.4453712946 0.3070505779 0.2029549334 0.1332990118 0.09151907461 0.06894030358 0.05790783614 0.05302175914 0.05227545299 0.05610348711 0.06498372007 0.08366609357 0.1192304663 0.1802966475 0.2744402185 0.4038340139 0.5605401839 0.7242046406 0.8648637528 0.951383735
0.06903355773 0.05784103799 0.05295636872 0.05302942972 0.05801777573 0.06942130379 0.09305606292 0.1373618262 0.2122335036 0.3257343337 0.4789163497 0.6606407894 0.8456654058 0.9988697393 1.085652773 1.084554094 0.9958530966 0.8414539154 0.6561205784 0.4748385142 0.3225336856 0.2100103048 0.1359819263 0.09228612068
0.850563999 0.8348962531 0.7543036044 0.6284142998 0.4847600067 0.3490829172 0.2383064015 0.158510063 0.1072277147 0.07762321637 0.06220319476 0.05493405852 0.05182585592 0.05287669562 0.05747246866 0.06776502197 0.08865439238 0.12697743 0.190300565 0.2840382747 0.4073105263 0.5492708255 0.6884957677 0.7973280991
0.3770078133 0.5438975857 0.7327270843 0.9137515035 1.050142669 1.109904048 1.078022455 0.9625782352 0.7914281446 0.6013145877 0.4251987263 0.2836978316 0.1832230784 0.1195081456 0.08319123372 0.06450582866 0.05580220604 0.05212410121 0.05428791383 0.06101884545 0.0759153804 0.1057841141 0.1598993056 0.2481576353
0.1169896834 0.08257330236 0.06449596435 0.05590423845 0.05220095985 0.05292928067 0.05766508898 0.06835713369 0.09023685199 0.1307187776 0.1982028695 0.299040571 0.4330143541 0.5891274592 0.7445432729 0.8689146149 0.9337092275 0.9227937207 0.8389423904 0.7026952099 0.5442048634 0.3924798774 0.267217374 0.1760914139
0.3987386027 0.2598851614 0.1656098677 0.1082826818 0.0768915358 0.06135594134 0.05438896512 0.05254462372 0.0569035193 0.06714150585 0.08895460943 0.1310214837 0.2042314657 0.31870592 0.4784626193 0.6752880057 0.88517736 1.070960131 1.192274044 1.219669833 1.146194769 0.9902505947 0.788126782 0.5803343601
0.129346583 0.1978985572 0.302308046 0.443939672 0.6129369984 0.7862432434 0.9312807969 1.015469919 1.018042985 0.9383456761 0.7961064573 0.6235232919 0.4534900009 0.3098040689 0.2031054238 0.132578437 0.09076375626 0.06841675836 0.05761524076 0.05288194403 0.05271081544 0.05720128232 0.06750859026 0.08896045105
0.1589279593 0.2453297545 0.3705744425 0.531527221 0.7119790505 0.8829119697 1.009147538 1.060888335 1.025107303 0.9108611087 0.7455770149 0.5643856122 0.3981479622 0.2656603759 0.1722667347 0.1134421255 0.08012857499 0.06309516315 0.05520924388 0.05189657457 0.05434447972 0.06110301662 0.07597022192 0.1055957747
0.4426209958 0.3102858384 0.2079279562 0.1376998691 0.0945728425 0.07073352632 0.058826885 0.05343932503 0.05165431851 0.05452473203 0.06132656064 0.07594984086 0.1044130161 0.1544244882 0.2334143733 0.3448464022 0.4838002067 0.634137559 0.7698996526 0.8620078948 0.888262416 0.842010963 0.734878995 0.5920357807
0.1792477754 0.1165964707 0.08140586849 0.06355507285 0.05535456703 0.05193587949 0.055209493 0.06322078981 0.08070794806 0.1152793242 0.1770082576 0.2761620441 0.4185860883 0.5997808563 0.8005363697 0.9877462299 1.122334717 1.17229457 1.125015713 0.9924411007 0.8061798127 0.6052996444 0.4232167846 0.2795759523
0.4712692461 0.6357352123 0.7953742161 0.918118185 0.9753686819 0.9527805544 0.8560853904 0.7087359408 0.5426892928 0.3872611715 0.2612958754 0.1711566204 0.1135820808 0.08053892725 0.06342469027 0.05540114985 0.05198883903 0.05351115064 0.0590755061 0.07146958742 0.09648448234 0.1421135999 0.2170594191 0.3272998491
0.9757828044 1.140553269 1.225753048 1.210157089 1.097728936 0.9159893154 0.7050999772 0.5035593145 0.3374034995 0.2166792235 0.138471286 0.09297883788 0.06910902157 0.0577759541 0.05289601217 0.05393717422 0.06029293688 0.07462778991 0.1039315655 0.1580916309 0.2482771038 0.3828775601 0.5614791418 0.7692879603
0.05189819105 0.05398595712 0.06022535124 0.07400796247 0.101589798 0.1514620905 0.2326313128 0.3508694768 0.5036411843 0.6760056834 0.8406340826 0.963911712 1.016861817 0.9861728266 0.8796197996 0.7228738346 0.5494817542 0.3893415753 0.2610017075 0.1700787956 0.112542917 0.07981407894 0.06300756835 0.05519400415
0.9243714135 0.7345834379 0.5405556492 0.3717226443 0.2431107423 0.1560871281 0.1033396801 0.07454536961 0.06033761138 0.05398476103 0.05245625037 0.05664603608 0.06645827117 0.08730243545 0.1273787333 0.1969053123 0.3052612201 0.4559416713 0.6408454372 0.8370740464 1.009596716 1.120763033 1.143526825 1.072108425
0.05150537115 0.05415606244 0.06050151585 0.07428585383 0.1014027338 0.1495750451 0.2265412765 0.3364662536 0.4754339355 0.6282587937 0.769355913 0.8690244087 0.9034563762 0.8639491335 0.7604682235 0.6175753254 0.4649863487 0.3276998019 0.2200782522 0.1453352377 0.09890908966 0.07296450875 0.05986861474 0.05388138468
0.05737968361 0.06807521894 0.09051919837 0.1331322584 0.2061024677 0.3182757471 0.4719728541 0.6574619344 0.8503594541 1.015122733 1.115151705 1.125899842 1.044634858 0.8915636392 0.7016909738 0.5118786671 0.3496025856 0.2278667076 0.1466440742 0.0980603854 0.07187412675 0.05911183096 0.05347385782 0.05275754986
0.7592316302 0.6118579952 0.4573769855 0.3203322568 0.214183952 0.1412630537 0.09642915099 0.071618121 0.0592124809 0.05359307856 0.05168986626 0.05462647723 0.06159257673 0.07658526445 0.1057999031 0.1571907628 0.2384571994 0.353249127 0.496599098 0.6519599245 0.7925894444 0.8884195949 0.9163742246 0.8693719301
0.05897191702 0.05338364141 0.05344638358 0.05912369331 0.07210595085 0.0990206625 0.1494902698 0.234804906 0.364179496 0.5388477684 0.7461468952 0.9573181511 1.132305245 1.23160245 1.230658933 1.129714634 0.953701437 0.7422650621 0.535345838 0.3614308714 0.2328956886 0.1483052541 0.09835946048 0.0717729673
0.8192857794 0.9453237104 1.00368274 0.9797350735 0.8795564837 0.7274295936 0.5563068731 0.3963338464 0.2668240765 0.174237164 0.1151518884 0.0812704365 0.06373638117 0.05552258207 0.05203209253 0.05364730231 0.05942065382 0.07227008032 0.09818301563 0.1454108198 0.222915025 0.3368133037 0.4854089056 0.6549601646
0.7284129686 0.9220941602 1.076039477 1.154831933 1.138829355 1.03209812 0.8607396125 0.662546922 0.4735735047 0.318070896 0.2052751654 0.1323162905 0.08993935405 0.06773567563 0.0572081845 0.05268123886 0.05375035724 0.05979242449 0.07340126213 0.1011822987 0.1524546671 0.2377047066 0.364738618 0.5330102639
0.204771738 0.1341343881 0.09185880994 0.06906038499 0.05794342712 0.05302981156 0.05237956002 0.05637106958 0.06561203398 0.08501370626 0.1218700812 0.1850173691 0.2821467474 0.4153145924 0.5761419044 0.7435379338 0.8866985249 0.9738452743 0.9836001985 0.9134835818 0.7809348834 0.6162845963 0.4515339428 0.3105800925
0.6906210413 0.5092641064 0.3513389468 0.2309587061 0.1494569539 0.1000290529 0.07303248853 0.05970489634 0.05374259122 0.05228273897 0.05617939174 0.06530969923 0.08471514995 0.1220448411 0.1868416129 0.2878838381 0.4284801829 0.6011284212 0.784503596 0.9459143652 1.050162413 1.071894387 1.005592986 0.8678456511
0.1777048451 0.2671054416 0.3878045522 0.5310516874 0.6769738714 0.7978915001 0.8665056759 0.865851796 0.7960961435 0.6744674007 0.5283614828 0.3853776296 0.2652005779 0.1763817111 0.1179291976 0.08341644093 0.06504510962 0.05619957583 0.05233808368 0.05238156553 0.05630476048 0.06527587532 0.08387467001 0.1187504422
0.08515767216 0.1238928721 0.1921400411 0.3002429103 0.4532167669 0.6446300307 0.8525767052 1.041420094 1.170883145 1.209830209 1.148398545 1.002043817 0.8052406895 0.5983341301 0.414364983 0.2715947373 0.1733427725 0.1128346828 0.0792965582 0.06250158944 0.05488253448 0.05222567394 0.05610168255 0.06530978643
0.3260871047 0.2141587182 0.1393332714 0.09449323452 0.070281785 0.05846154808 0.05323091054 0.05247545865 0.05663496696 0.06627621095 0.08654258875 0.1250890769 0.1912165758 0.2930670235 0.4329110189 0.6020788898 0.7785105967 0.929836674 1.022522602 1.0338498 0.9609391243 0.8219361223 0.6486938928 0.4749714431
0.07992409945 0.06290840608 0.05509630728 0.05184149289 0.05501875626 0.06272971051 0.0795510153 0.1127852664 0.172088436 0.2672815124 0.4039178573 0.5776107448 0.7698735925 0.9489391786 1.077391173 1.124664263 1.078824362 0.9514489291 0.772890421 0.5805609328 0.4063932926 0.2691064845 0.1732856118 0.1134893696
0.3035939739 0.4375584237 0.5920843725 0.7439497914 0.8630563894 0.9218559581 0.9056581039 0.8185767653 0.6818379251 0.5253960667 0.3773685339 0.2563239951 0.1690128892 0.1128303839 0.08035826061 0.0634250376 0.05543357407 0.05201273746 0.0530982038 0.05805600083 0.06917169346 0.0917573478 0.1332409049 0.2018700489
1.022994244 1.081642551 1.051105109 0.9391224253 0.7727280419 0.5876748257 0.4160968189 0.2781411691 0.1801196319 0.1179224659 0.08245006102 0.06418891044 0.05567824375 0.05207974683 0.05415097919 0.06067222516 0.07511255247 0.1040826782 0.1565999445 0.2423035149 0.3675037954 0.5297799288 0.7135393538 0.8898906575
0.05879736881 0.05343576896 0.05156691571 0.05429560928 0.06077793011 0.07475012568 0.1020176718 0.150058933 0.2261539067 0.3338312088 0.4685616842 0.6149242892 0.747834572 0.8389439866 0.8663404461 0.8230861875 0.7200635111 0.581539421 0.435910366 0.3064300193 0.2059490529 0.1368016684 0.09421858687 0.07061641283
1.118296945 0.9651574678 0.767515232 0.5648703434 0.3881396389 0.2532477506 0.1618116009 0.1062962464 0.07594200081 0.06094104873 0.05422324126 0.05252118364 0.05683123779 0.06694048271 0.08844887293 0.1298680171 0.201842605 0.3142079276 0.4707552067 0.6632599576 0.8680713313 1.04877852 1.166037196 1.19135199
0.06067929579 0.0748026847 0.1027213137 0.1525664233 0.232623076 0.3476031686 0.493865003 0.6558926895 0.806958336 0.9155251564 0.9557719546 0.9175399822 0.8104866318 0.6601338561 0.4980124886 0.3510832333 0.2351886976 0.1542494661 0.1037111754 0.07532718533 0.06093051581 0.05431743531 0.05156078282 0.05420840952
0.06663771116 0.08791759871 0.1290896268 0.2009835673 0.3137978756 0.4718366992 0.6673747767 0.8769606782 1.063800012 1.187499409 1.218104032 1.147850797 0.9943578082 0.7934662952 0.5856948232 0.403268626 0.2632181369 0.1677808476 0.1095465577 0.07755307674 0.06166849915 0.05452263303 0.05245580261 0.05668155873
0.9475246396 0.8079393516 0.6358062317 0.464385904 0.3182794551 0.2089649263 0.1362078205 0.09278814641 0.06943711199 0.05808111813 0.05307498236 0.0525513135 0.05681464105 0.06665917909 0.08727311281 0.1263254172 0.1930454884 0.2953638614 0.4351930889 0.6034492847 0.7777942659 0.9259329918 1.014860648 1.022724287
0.06371613847 0.05545651138 0.05198668826 0.05454622311 0.06161912404 0.07717862526 0.108185268 0.1640066142 0.25444595 0.3855509179 0.5540455745 0.7429671314 0.9219406424 1.054136287 1.108351325 1.070935979 0.9513606941 0.7783333187 0.5886332947 0.4145756574 0.2758466203 0.1780474632 0.1164446193 0.08155586663
0.8742641927 0.936947611 0.9234960755 0.8373274679 0.6995032126 0.5403866735 0.3888655898 0.2643126156 0.1740507684 0.1157177424 0.08186377802 0.06413980292 0.05574276307 0.05213466582 0.05303375938 0.05791586016 0.06890368842 0.09131677753 0.1326490354 0.2013145156 0.3035448825 0.4388307137 0.5957550098 0.7510780252
0.3314974597 0.4864040017 0.6692049556 0.8541028073 1.005696925 1.089585597 1.084979564 0.9930500678 0.8364464967 0.6502540083 0.4693072878 0.3180780208 0.2068633411 0.1340065538 0.09117525835 0.06847102309 0.05758362806 0.0528496699 0.05315609144 0.05832482456 0.07009703814 0.09440383495 0.1397925609 0.2161849501
0.07637917225 0.06159636167 0.05466566761 0.05171805592 0.05303148216 0.05783585692 0.06853742619 0.0901369001 0.1295370858 0.1942537056 0.2894504936 0.4137775972 0.5558102422 0.6936810796 0.7996962237 0.8491556208 0.8296664542 0.7461739918 0.6189291623 0.475529871 0.3412952238 0.2325022112 0.1546488241 0.10492019
0.3419890374 0.2210691133 0.1417293082 0.09501695204 0.07021973739 0.05831201639 0.0531272941 0.05336506318 0.05888717107 0.0714815351 0.0975224193 0.1462195286 0.228303293 0.352403601 0.5194031586 0.7168628323 0.9170786104 1.08183888 1.173820006 1.170245184 1.072023465 0.9033753693 0.7021549513 0.5061345232
0.08261060681 0.1172866722 0.177066385 0.2696158876 0.3973987814 0.5529493849 0.7164256861 0.8581847093 0.9470176456 0.9612190668 0.8971807249 0.770876369 0.6114058934 0.4501516397 0.3110379739 0.2058526654 0.1351640357 0.09259216231 0.06949550991 0.05816715812 0.05313140172 0.05218191136 0.05587236318 0.06446505754
0.200582806 0.3107706417 0.463307666 0.6495420954 0.8459712059 1.017178177 1.125590791 1.144760495 1.069817863 0.9194759369 0.7284595736 0.5345313017 0.3667022561 0.2394575561 0.1537299481 0.101978991 0.07383872285 0.06000620925 0.05384403763 0.0525605347 0.05690488895 0.0670417499 0.08849489433 0.1295835908
0.6074973558 0.4556117364 0.3200907244 0.2146039608 0.1418126131 0.09687009904 0.0718988268 0.05936434233 0.05366492567 0.05159221582 0.05437419163 0.06099828911 0.07530952029 0.1033057614 0.1527533153 0.2312796238 0.3427073276 0.4825632832 0.6350556353 0.7742293752 0.8705150673 0.900801879 0.8574242253 0.7513044039
0.2225526852 0.1420421696 0.09493486372 0.07007758461 0.05821052554 0.05307299535 0.0537293086 0.05979777028 0.07355904257 0.101846504 0.1544269932 0.2425030098 0.3747833302 0.551512073 0.7587621372 0.9667503437 1.135258283 1.225835565 1.215981153 1.108200406 0.9289734822 0.7182132411 0.5149281441 0.3460656699
0.6678723251 0.8329938989 0.9581330218 1.013988856 0.986539316 0.8827439187 0.7276857929 0.5547504881 0.3940777343 0.2646682654 0.1725774491 0.1140596804 0.0806401164 0.06341304894 0.05537398022 0.05197058908 0.05382960568 0.0598573925 0.07322210035 0.1000694015 0.1488040525 0.2284467207 0.3449672778 0.4962421238
0.9804144061 1.116994545 1.169900471 1.125791505 0.9958194688 0.8110616592 0.6104835787 0.4277786389 0.2830469149 0.1815772403 0.1179907206 0.08215510784 0.06391815766 0.05551372356 0.05199912376 0.05503755686 0.06282102172 0.07986460435 0.1136681677 0.1742279711 0.2718441026 0.4125833354 0.5923744799 0.7925438554
0.05574165177 0.0521257674 0.0533110015 0.05860490847 0.07046749004 0.09455683915 0.1387760091 0.211885636 0.3201795469 0.4626939268 0.6269459673 0.7881993549 0.9144574792 0.9764992375 0.9588201588 0.8659100684 0.7204063024 0.5541564642 0.3969956629 0.2685819059 0.1760189412 0.116494986 0.08211244893 0.06419349701
0.8998795067 0.732976335 0.5523257137 0.3881400552 0.2583239894 0.167466331 0.1106204253 0.0786322851 0.0623772595 0.0548969361 0.05177319229 0.05460353987 0.06170122387 0.07722087764 0.1079568019 0.1629374971 0.2514203562 0.3787759303 0.5411658087 0.7215644429 0.8903858194 1.012501008 1.05891627 1.01792234
0.05468063957 0.06168336665 0.07669084153 0.1058069109 0.1567935825 0.2370396936 0.3498153506 0.4898508169 0.6405931369 0.7757764037 0.8662980297 0.8902840256 0.8416531093 0.7326140006 0.5886999272 0.4390900251 0.3072081542 0.2056147733 0.1361684678 0.09366941479 0.07025526035 0.05859863951 0.05334082025 0.05171622352
0.05213256587 0.05580442447 0.064459302 0.08296605276 0.1187888462 0.1813713176 0.2796225536 0.4173330325 0.5878199164 0.7706845857 0.9338631771 1.042101952 1.069199078 1.008281703 0.87462942 0.6994652355 0.5181493758 0.3588477515 0.2364815602 0.1530525635 0.1021210506 0.07412675849 0.06022153802 0.05396337327
0.6818809623 0.5354233476 0.3913009575 0.2696270395 0.179349741 0.119723114 0.08439691094 0.06553079059 0.05641799156 0.05242737109 0.05231548845 0.05614734565 0.06493702488 0.08321788911 0.1176100741 0.1759453823 0.2647259543 0.3850566861 0.5285017073 0.6754320749 0.7981837362 0.869158293 0.8708406516 0.8028029912
0.05258421964 0.05385939797 0.06004847301 0.07394484516 0.1022222345 0.1542390209 0.2404305632 0.3684010093 0.5372408302 0.7324084076 0.9247350297 1.076219171 1.151882242 1.132833541 1.023911896 0.8516948556 0.65399032 0.4664686504 0.3128246578 0.2018033498 0.130246862 0.08882453086 0.06719158148 0.05696717789
0.75628825 0.8974452689 0.980620881 0.9853311145 0.9103782555 0.7743440974 0.6081255191 0.4435956502 0.3040388604 0.2000657132 0.1311323868 0.09014564912 0.06818084947 0.0575356603 0.05285864293 0.05254524954 0.05677761583 0.06651790573 0.08684380493 0.1252151664 0.1905328396 0.2903154423 0.4261118277 0.5887456274
0.5513679673 0.7604654798 0.9714267886 1.143730046 1.238203718 1.231416756 1.125094898 0.9454099803 0.7325406414 0.526174963 0.3540437305 0.2276793694 0.1450318996 0.09651931083 0.07084148164 0.0585458519 0.05320710804 0.05365874841 0.05963826266 0.07323787566 0.1012773466 0.1535585882 0.2414159633 0.3738184878
0.1709269183 0.1132022676 0.08023248117 0.06323568359 0.05530335155 0.05194484912 0.05377248653 0.05971116152 0.07287947798 0.09933470109 0.1473621928 0.2258569944 0.3407102885 0.4898378638 0.6590546725 0.8218828666 0.9453193651 1.00046474 0.973475755 0.871195273 0.7183421312 0.5478318667 0.389389187 0.2617604085
0.5204568308 0.3561999443 0.2323987644 0.1494420643 0.09961920776 0.07266005588 0.05947116891 0.05362307765 0.05266092382 0.05714520157 0.06756014042 0.08949780289 0.1313110086 0.2031994524 0.31417793 0.4669339965 0.65223992 0.8461652639 1.013315099 1.116755681 1.131167585 1.052888206 0.9014192927 0.7115549224
0.1531511587 0.2322503903 0.3447095965 0.486165735 0.6407997005 0.7824204192 0.8810211483 0.9129689382 0.8701810053 0.7634371262 0.6179801517 0.4638491512 0.3259830648 0.2184434984 0.1440930461 0.09810522592 0.07250911625 0.05963953503 0.05377820207 0.05158662452 0.0543652713 0.06099207734 0.07533259999 0.1034332032
0.1332610565 0.2075138269 0.3227262263 0.4821819047 0.6768125893 0.8820325119 1.060821193 1.173931481 1.193764963 1.11528349 0.9580819838 0.7584617019 0.5558702644 0.3805927924 0.2477329591 0.158242099 0.1042306488 0.07486708342 0.06043605494 0.05400847628 0.05268070738 0.05722770393 0.06783539588 0.09028066274
0.344787607 0.2307069742 0.1513846164 0.1020595806 0.07446587337 0.06052330694 0.05414262104 0.05157363901 0.05434846586 0.06099761401 0.07545612739 0.1039284146 0.1545621312 0.2355507249 0.3513577322 0.4979540613 0.6594191163 0.8088048933 0.9147202476 0.951887959 0.910916447 0.802143793 0.6514121565 0.4901239323
0.1200038548 0.08355736821 0.06472262626 0.05591172381 0.05217257331 0.05401278266 0.06035175359 0.07444070159 0.1028134898 0.1544497775 0.2390608594 0.3632039215 0.524880362 0.7089806841 0.8869367042 1.02284578 1.084967804 1.057722918 0.948021815 0.7824265741 0.5967298112 0.4235191495 0.283552459 0.1836556962
0.3257215126 0.458613116 0.6042241019 0.7380024257 0.8316745743 0.8628182711 0.823557114 0.723787216 0.5871364253 0.4419023768 0.311699351 0.2099406474 0.1394636285 0.09580001524 0.07145933169 0.05920233877 0.05361170023 0.05147048246 0.05405117788 0.06021490262 0.07357320343 0.09978911804 0.1462457847 0.2202787515
1.120492594 1.08042432 0.957778701 0.7819397485 0.5901347657 0.4148046674 0.2755018431 0.1775766696 0.1160577659 0.08130458546 0.06357761494 0.05538977301 0.05195816334 0.05470872096 0.06200851704 0.07802897775 0.1098765259 0.1670677804 0.2594834078 0.3930783649 0.5642431173 0.755464395 0.9357540911 1.067847441
0.06386320678 0.05562699386 0.05209035784 0.05301274471 0.05785623582 0.06874986498 0.09095559447 0.131876596 0.1998089563 0.3008691357 0.4344927404 0.5893373661 0.7424115939 0.8635787708 0.9249159613 0.9111216866 0.8257006746 0.6895216731 0.5325561114 0.3832512818 0.2606334265 0.1718468235 0.1145108235 0.08125952801
1.205460822 1.141138171 0.9930521916 0.7959730945 0.5900600523 0.4078428962 0.2670072289 0.1704446343 0.1111831975 0.07844515709 0.06210363891 0.05471362509 0.0522946394 0.05627280096 0.06569423034 0.08593767641 0.1253167238 0.1944655522 0.3036113229 0.4574782498 0.6491998274 0.856436884 1.043345987 1.169855933
0.06721676802 0.08844430166 0.1285676529 0.1969559041 0.301571682 0.4441558012 0.6152044183 0.7917791614 0.9409947894 1.029506123 1.035531708 0.9575394311 0.8148774556 0.6399968226 0.4665229549 0.3191284831 0.2091519052 0.1361381373 0.09266881333 0.06934448218 0.05802666447 0.05304820776 0.05264719112 0.05705671754
0.07426710471 0.1025600197 0.1541896379 0.2390275016 0.3638751369 0.5270020999 0.7134605776 0.8945811986 1.034009183 1.09927264 1.074021326 0.964662996 0.7977297714 0.6094479559 0.4330947194 0.2900955412 0.1877188791 0.1222993378 0.08473814431 0.06527602517 0.05614816582 0.0522647081 0.05396585856 0.06025443802
0.9360431841 0.8571824616 0.7230076494 0.5635701092 0.408683115 0.279273353 0.1841305443 0.1218179901 0.0851941323 0.06578478724 0.05647945769 0.05243427725 0.05270836049 0.05714242738 0.06723918191 0.08808192798 0.1269932509 0.1924681689 0.2912761995 0.4239750074 0.5805204514 0.738799998 0.8684941867 0.9401629544
0.07505648111 0.06050960408 0.05403444768 0.05273334501 0.05736546495 0.06816508091 0.09100208695 0.1347044142 0.210153922 0.3271408663 0.4889297493 0.6862399256 0.8940696332 1.074866007 1.188904625 1.208348071 1.128256931 0.9686221068 0.7662802587 0.5611643134 0.3838639494 0.2495767663 0.1591897551 0.1046745552
1.028304906 1.023875946 0.9372877841 0.7898723897 0.6146516409 0.4443990171 0.3021288299 0.1975165164 0.1289932975 0.08871428954 0.06736536033 0.05712898599 0.05267857109 0.0529732183 0.0578416995 0.06892888577 0.09181878018 0.1345569142 0.206479823 0.3150324322 0.4608385172 0.6328740756 0.8068499414 0.9494484521
0.4977107324 0.6920682985 0.8927454276 1.06237879 1.163066536 1.170032615 1.081505786 0.9194490202 0.720730464 0.5235691431 0.3560202861 0.2309874631 0.1479666423 0.09853325387 0.07200554106 0.05913179488 0.05346826042 0.0530046383 0.05801042824 0.06954567732 0.09364928857 0.1392144229 0.2168877376 0.3357230242
0.09754167425 0.07203667604 0.05934865555 0.05362980826 0.05189342359 0.05516048229 0.06287254018 0.07938797595 0.1114053979 0.1674288696 0.2555297368 0.379234931 0.5326903348 0.6976833821 0.8454050811 0.9440162713 0.9696740673 0.9158724335 0.7961142617 0.6384210827 0.4747198547 0.3305746034 0.2196389622 0.1438716198
0.4453994642 0.2998860036 0.1945370686 0.1265152511 0.08707218884 0.06643917072 0.05667180028 0.05247820725 0.05358113191 0.0593373339 0.07228214082 0.09866563501 0.1472790522 0.2279703777 0.3479940332 0.5066662017 0.6905036773 0.8721969091 1.01596526 1.088672494 1.0721796 0.9706768923 0.8089597284 0.622613624
0.09400230941 0.1362907702 0.2048761965 0.3044113367 0.432489661 0.5763012431 0.7127970198 0.8139380705 0.8558741314 0.8280504033 0.7375110844 0.6060106783 0.4615456497 0.3287945974 0.2228550801 0.1480869875 0.1009415436 0.07421387303 0.06053386809 0.05419414022 0.0515283734 0.05342923762 0.05877186801 0.07053610382
0.1632563533 0.2563550102 0.3941112858 0.5751873669 0.7836029693 0.987862876 1.147359848 1.22514171 1.201762335 1.083158513 0.898208265 0.6873375361 0.4882964461 0.325865796 0.2089129244 0.1337822536 0.09042744652 0.06785385654 0.05721637718 0.0526695488 0.05423806245 0.06100509954 0.07615483912 0.1068907403
0.5371859456 0.3786050679 0.2528547674 0.1646113519 0.1092654392 0.07804831879 0.06214908631 0.05481628142 0.05174747732 0.05433288139 0.06103530846 0.07572311788 0.1048774844 0.1571510021 0.2414827845 0.3631804812 0.5188037697 0.6922719543 0.8553381582 0.9742065694 1.020713972 0.9831360442 0.8709753267 0.7110688611
0.1605912893 0.1059483227 0.07590506443 0.06097776014 0.05425769211 0.05227740664 0.05620024829 0.06544930816 0.08523225534 0.12353656 0.1904745437 0.2955971966 0.4429892188 0.6255317968 0.8214174587 0.9963266277 1.112488193 1.141788763 1.07679698 0.9338162874 0.7462590837 0.5520086528 0.3812706705 0.2500719599
0.463779338 0.6168216963 0.7606497137 0.8654477917 0.906383304 0.8731361552 0.7741134584 0.6330059889 0.4796065245 0.339734476 0.228838467 0.1510306523 0.102236832 0.0747190604 0.06070578564 0.05424362093 0.05153952263 0.05382741801 0.0597468296 0.0727170695 0.09845880434 0.144607276 0.2190471437 0.3264538171
0.7359094188 0.9002421179 1.014605908 1.051586994 1.001828907 0.8778669773 0.709012548 0.5301293597 0.3701505846 0.2453807577 0.1591291406 0.1057867597 0.07610075038 0.06117651241 0.05438017107 0.05184373978 0.05507215335 0.0627707552 0.07942877883 0.1120668003 0.1698058233 0.2616547185 0.3922231913 0.5564334392
0.05292536918 0.05200526205 0.05540077365 0.06331288783 0.08003447361 0.1120153546 0.1671952188 0.2526991896 0.3708673926 0.5148690299 0.6664063413 0.7980575954 0.8808725889 0.8946276244 0.8358281581 0.7191467101 0.5714906939 0.4219659912 0.2928238612 0.1950811342 0.1293344801 0.08970493342 0.06818688914 0.05762436753
0.8318650643 0.632456527 0.4471244992 0.2978114101 0.1915296305 0.1239783947 0.08539108584 0.0654958116 0.05620963715 0.05227745379 0.05440646884 0.06134441318 0.07673036107 0.1076446584 0.1637744563 0.2555237067 0.3897899538 0.5641508992 0.762036277 0.9524956079 1.096934541 1.161540818 1.130096995 1.01057561
0.0529607847 0.05777618747 0.06869209896 0.09112262952 0.1328009154 0.2025881661 0.3073582085 0.4472708059 0.6112634132 0.7757353376 0.9088577975 0.9802415007 0.972150092 0.8866406702 0.7447167761 0.5779685527 0.4172313759 0.2837776346 0.1862064253 0.1226312779 0.08544714254 0.06583325596 0.05647277765 0.05242182413
0.05442969024 0.06138753855 0.07679278242 0.1076948741 0.1637072349 0.2551022486 0.3885978536 0.5615987034 0.7574668981 0.9453941843 1.087179369 1.149575171 1.11690914 0.9974611297 0.8200640044 0.6228272901 0.4399887077 0.2930031033 0.1885807995 0.122331215 0.08455253489 0.06510655801 0.05604480905 0.05221376291
0.9029913289 0.761294923 0.5928580183 0.4291877163 0.2924117788 0.1918353983 0.1259533619 0.08722552453 0.06669806343 0.0568552428 0.05257579343 0.05285720136 0.05753593287 0.06819133829 0.09019053003 0.1312670085 0.2003959939 0.3047356437 0.4448886242 0.6102617631 0.7775097187 0.9146056529 0.9904350291 0.9862050494
0.05443539675 0.05187113105 0.05514701078 0.06295798301 0.07985734523 0.112964597 0.1715270965 0.2646749011 0.3970730367 0.5635608817 0.745495703 0.9120419915 1.027898652 1.06529145 1.014759504 0.8890326423 0.7178364278 0.5365111603 0.3743746936 0.2479395497 0.1605476836 0.1065064691 0.07643492908 0.06131851849
0.7893285388 0.8689875156 0.8803258288 0.8204620805 0.7043128446 0.5585703983 0.4117830082 0.2855465286 0.1903578499 0.1265469974 0.08820771524 0.06745442044 0.05729778815 0.05279259867 0.05203549203 0.05546757392 0.06344161266 0.08024402191 0.1122815149 0.1673843628 0.2524849647 0.3696735988 0.5119045233 0.6608423161
0.6714219856 0.8629338168 1.023319043 1.116563475 1.119669588 1.031847515 0.8748403492 0.6842014123 0.4962887794 0.3374327076 0.2194290436 0.141405218 0.09513210319 0.07039537109 0.05843546654 0.05319314071 0.05298655421 0.05793573825 0.06929904075 0.09295518234 0.1375037903 0.2131434416 0.3283837171 0.4847599138
0.2082558329 0.1373912923 0.09416803246 0.07043051902 0.0586493247 0.05335132433 0.0518335246 0.05498688074 0.06241374091 0.07828185087 0.1089718068 0.162541447 0.2465676346 0.364226627 0.5097327159 0.6656009668 0.8044398693 0.8962163735 0.9186997026 0.8661864428 0.7518439103 0.6023611822 0.4478663596 0.3122906115
0.7588290198 0.5507467338 0.3737622554 0.2415868792 0.1537616251 0.1014326881 0.07333313721 0.05968809754 0.05368158919 0.05314895598 0.0583998474 0.07050726092 0.09582214066 0.143707542 0.2253901394 0.3504465739 0.5210432601 0.7259051992 0.9376509779 1.116915783 1.223679446 1.231681166 1.138886425 0.9683247916
0.2169727407 0.3286555385 0.4756192263 0.6449853221 0.8112419649 0.9413959288 1.005322544 0.9870458935 0.891207532 0.7411572988 0.5697351626 0.4076998491 0.275313321 0.179893206 0.1185357957 0.08309633753 0.06462762675 0.05591696853 0.05219056479 0.05341591369 0.05887711232 0.0711138775 0.09596166312 0.1415703612
0.09724223241 0.1446226274 0.2234566877 0.3410171283 0.4968662013 0.678011968 0.8577738468 1.000918094 1.074537571 1.060285507 0.9617836747 0.8031317496 0.6193529248 0.4439341315 0.2994578193 0.1945779582 0.1266899594 0.08723114431 0.06654267418 0.05672723351 0.05250379487 0.05345561516 0.0590280841 0.07158724775
0.220921972 0.1465286576 0.09989374397 0.07360300924 0.06021927566 0.05404952708 0.05146865557 0.05367720836 0.05936142301 0.07181207371 0.09651397967 0.1407823656 0.2121626931 0.315113508 0.4466835757 0.5932353687 0.7308686092 0.8310341817 0.8699893761 0.8379122732 0.7429134011 0.6077139548 0.4608426454 0.3269943933
0.09929819656 0.07236570158 0.05928678681 0.05352922933 0.05301582941 0.05804505762 0.06964187766 0.0938902748 0.1397604566 0.2180092766 0.3378146699 0.5012570969 0.6975400284 0.9004340691 1.072224146 1.17456115 1.182273836 1.09340118 0.9299999148 0.729274626 0.52988769 0.3602882158 0.2336210261 0.1494514212
0.2502599056 0.3714915805 0.5223638518 0.685206835 0.8317810248 0.930615941 0.957861117 0.9066111922 0.7897407246 0.6346645572 0.4729270487 0.3299984401 0.2196591226 0.1440871421 0.09775455399 0.07218353556 0.059431444 0.05366992402 0.05182096245 0.0549737947 0.06243386576 0.0784482758 0.1095713141 0.1641694387
1.153869324 1.200947857 1.14831038 1.009237133 0.8167580291 0.610947398 0.425592921 0.2801675602 0.1790928788 0.1162661764 0.0811324281 0.06338645343 0.05526804558 0.05201593207 0.05556888011 0.06407963185 0.08257963282 0.1189973683 0.1837366139 0.2872463694 0.4351946815 0.6223905366 0.8284595716 1.018971796
0.05909652497 0.05349463455 0.05232678464 0.05627466324 0.0654866011 0.08498269439 0.1223239032 0.1868490893 0.2869918558 0.4256266421 0.5948924737 0.7734302849 0.9290508892 1.027603628 1.045045746 0.9769466627 0.8403107663 0.6666979532 0.4904317011 0.3378830464 0.2222205868 0.1442943116 0.09725169361 0.07167108823
1.062394615 0.9307224665 0.7512288558 0.5609894556 0.3907968351 0.2580226494 0.1662136518 0.1094203395 0.07780638717 0.06190927864 0.05466828974 0.05195592424 0.05538185952 0.06355327164 0.08123829935 0.115896459 0.1772237607 0.2748049318 0.4135589966 0.58811539 0.7789661882 0.9537968269 1.075570913 1.115104042
0.05870809442 0.07058826262 0.09455000157 0.1382281564 0.209918291 0.3152897867 0.4527860092 0.609705634 0.7618302424 0.8785613054 0.9326820908 0.9106279335 0.8179943343 0.6772375497 0.5188539062 0.3707557738 0.25083661 0.165091364 0.1103634491 0.07897589188 0.0627300771 0.05511866503 0.05188370912 0.05337099427
0.06058054126 0.07512675866 0.1046130594 0.1586395605 0.2477930145 0.379583418 0.5526332485 0.7515659914 0.946225504 1.097846155 1.171267425 1.148126423 1.034298749 0.8574822421 0.6562761482 0.4666193532 0.3120232645 0.2008244401 0.1294575272 0.08831155892 0.06690659148 0.05682831816 0.05252407871 0.05407765761
0.9325880319 0.8206660583 0.6658938762 0.5004815356 0.3515640441 0.2347623931 0.1536046036 0.1031711414 0.07497493516 0.06073653663 0.05422430732 0.05162447822 0.05448655681 0.06134080559 0.07623651183 0.1055520052 0.1576526786 0.2409331755 0.3599341322 0.5104567809 0.676094364 0.8291519669 0.9374338772 0.9750842589
0.06050063367 0.05408654983 0.0520209952 0.05552095944 0.06380369283 0.08158693389 0.1161532389 0.1768020307 0.2724501792 0.4071665401 0.5748560758 0.7558966912 0.9189074463 1.028897788 1.059328719 1.002487685 0.8726546621 0.7002902055 0.5204660807 0.3615163727 0.2387838736 0.1547081204 0.1031529398 0.07469480899
0.845231036 0.8892493611 0.8606253347 0.7666065632 0.6297928367 0.47933507 0.3409720941 0.2304836102 0.1524603076 0.1032359484 0.07531545815 0.06101788014 0.05438875917 0.05159998869 0.053554237 0.05909556179 0.07130316489 0.09566570678 0.1395916829 0.2108705924 0.3143729895 0.4476389872 0.5973842424 0.7396473606
0.2738063315 0.4138556465 0.5913988439 0.7872876936 0.9689419997 1.098264003 1.144421709 1.095755558 0.9645492941 0.7820074676 0.5862352501 0.4095229869 0.2706121473 0.1738978116 0.1136838492 0.07995893909 0.06289896932 0.05508294073 0.05188665474 0.05521867737 0.06321173704 0.08061193978 0.1149162217 0.1759931905
0.09100499499 0.06883570406 0.05791878241 0.05304695763 0.05195677313 0.05528513961 0.06306483436 0.07955852834 0.1112058822 0.1659938523 0.2511908557 0.3693838548 0.514033286 0.6670448984 0.8009583534 0.8864623442 0.9027238148 0.8456129527 0.7294018934 0.5809860557 0.4298139705 0.2986509994 0.1989844487 0.1317002007
0.3028328404 0.1933944176 0.1244324751 0.08536096695 0.06537507556 0.05611845601 0.05222842427 0.05506135984 0.06293990935 0.08027796691 0.1148415878 0.1770901894 0.2779826874 0.4243028775 0.6124396351 0.8234996571 1.023589292 1.171561019 1.232500901 1.191067955 1.057750433 0.8645653516 0.6526016656 0.458005651
0.09292014288 0.136305073 0.2088338066 0.317535255 0.4624302878 0.631904261 0.8014221263 0.9380713839 1.010601429 1.00097705 0.9116448548 0.7645259688 0.5922994838 0.4266967037 0.2894836698 0.1893450173 0.1242059003 0.0861673667 0.06613343319 0.05658670413 0.05246116637 0.05310259005 0.05813776596 0.06953518143
0.2361465183 0.3595013023 0.520978952 0.7059518676 0.886130185 1.025455106 1.091530821 1.067814003 0.9603243757 0.7951700266 0.6082722471 0.4327966738 0.2902269498 0.1879770178 0.1225309285 0.08489564053 0.06536563693 0.05619243442 0.05228404008 0.0538796177 0.06004475198 0.07380241155 0.1016219205 0.1524657703
0.5220719528 0.382009252 0.2637094024 0.1759008112 0.1178836025 0.08349906547 0.06512975711 0.0562540691 0.05236605508 0.05224208989 0.0559541967 0.06447187459 0.08219273387 0.1155424065 0.1721288766 0.2582791503 0.375090806 0.5144030168 0.6571791264 0.7765576652 0.8457099709 0.8475739609 0.7816756274 0.6643242597
0.2409894915 0.1541983501 0.1020287831 0.07377704877 0.05994497474 0.05380698246 0.05275146298 0.05739347907 0.0681829974 0.09092734399 0.1343127203 0.2089659453 0.3243130999 0.4832319267 0.676218387 0.8784429988 1.053069221 1.161554168 1.177357904 1.096464385 0.939034359 0.7412642456 0.5419274965 0.370397824
0.6018557797 0.7626474485 0.8922777512 0.9611027948 0.9520090273 0.867308178 0.7277854791 0.5644345532 0.4073546668 0.2771957692 0.1822003109 0.1204038112 0.0843155779 0.06530798119 0.05624994188 0.05233542267 0.05294147305 0.0577154697 0.06852214681 0.09069600048 0.1318358489 0.2006145435 0.3037007103 0.4411180972
1.111335541 1.211185397 1.212738033 1.115598614 0.9437928384 0.7361381224 0.5320784123 0.3599954172 0.2324417876 0.1482708741 0.09844587169 0.07185849146 0.05902640992 0.05341146856 0.0533082184 0.0587766439 0.07131052937 0.09735779274 0.1463208094 0.2292999833 0.3554722965 0.5263156668 0.7297502223 0.9378412219
0.05370018682 0.05208719494 0.0556692856 0.06409370298 0.0820666321 0.116774868 0.1772635938 0.2719866123 0.404389494 0.567805131 0.7424418624 0.8974844477 0.9993177779 1.023246714 0.9631996442 0.8342237242 0.6663759351 0.4933868699 0.341911656 0.2258941925 0.1470025208 0.09896051699 0.07261728262 0.05956238689
0.9971606241 0.8367242966 0.6480712779 0.466116354 0.3149769386 0.2044304112 0.1323737869 0.09021394611 0.06796783734 0.05734761475 0.05274997283 0.05333887383 0.05877182617 0.07109169492 0.09641564604 0.1434864728 0.2223314747 0.3407447553 0.4989424062 0.6844550023 0.8706207173 1.021439109 1.102495252 1.093653088
0.05375242782 0.05960562938 0.07250457209 0.09825553657 0.1447010935 0.2200960754 0.3296179509 0.4706949119 0.6292965274 0.780072595 0.8920979752 0.9389772663 0.9089149108 0.8095232709 0.6647003816 0.5053206381 0.3586758439 0.2415223264 0.1587596065 0.106525876 0.07688799583 0.06170579777 0.05466417737 0.05170090694
0.05391656055 0.06015592095 0.07410267435 0.102353125 0.1540762038 0.2393615195 0.3653286801 0.5305810824 0.7203495537 0.9057904457 1.049919408 1.119286336 1.096536771 0.9874463499 0.8185458966 0.6266664017 0.4460143697 0.298902178 0.1931785314 0.1253804222 0.08632207773 0.06601822007 0.05646530897 0.05238833789
0.6453487489 0.488212505 0.345208966 0.2320144114 0.1527101735 0.1030459957 0.07507397588 0.06084739005 0.05429495647 0.05155640899 0.05396997485 0.06009858911 0.07351067534 0.1000957591 0.147694086 0.2243681029 0.3348375661 0.4758522485 0.6327094736 0.7797543094 0.8864359933 0.9274456254 0.8924403666 0.7902690279
0.0538002617 0.05289626853 0.05776465476 0.06905184026 0.09278417557 0.1379348159 0.2154131398 0.3347807355 0.4987274777 0.6971220184 0.904124432 1.081781099 1.190736786 1.204289594 1.118994744 0.9560826496 0.7528967156 0.5490529986 0.3742897933 0.242864078 0.1549786219 0.1022976102 0.07384483244 0.05995034555
0.7346308161 0.8954188063 1.005473883 1.038319109 0.9856362063 0.8606778402 0.6928668615 0.5165790475 0.3599280479 0.2384204273 0.1548398867 0.1033895866 0.07488387592 0.06061477888 0.05414414872 0.0519047272 0.05521993563 0.06309269242 0.08005551952 0.1131467449 0.1714252909 0.2636971806 0.3942071501 0.5574256744
0.6137300745 0.8188950113 1.009830037 1.146612232 1.196682779 1.147399985 1.011209524 0.8205532127 0.6153516467 0.4296349104 0.2833162989 0.1812367512 0.1175611942 0.08183249061 0.06372699192 0.05541765806 0.05195694788 0.05537503238 0.06362877231 0.0816274256 0.1171741847 0.1805787243 0.2823132037 0.428274287
0.1386890626 0.0946844213 0.07060504974 0.05869606248 0.05335894653 0.05197429106 0.05535302907 0.06328371287 0.08016968752 0.1127124259 0.1693075272 0.2577368505 0.3810477934 0.5328356262 0.6945244129 0.8374280699 0.9304685908 0.9510487713 0.8939450788 0.7734550068 0.6175973036 0.4575684669 0.3178503901 0.2111073843
0.5425333639 0.3780766594 0.2500075867 0.1615961109 0.1069879593 0.07663474889 0.06139319584 0.05446040171 0.05192344027 0.05528585322 0.06329483492 0.08060428612 0.1144782162 0.1743297986 0.2694163068 0.4044002564 0.5739026669 0.7588243789 0.9277243332 1.044738865 1.081790415 1.029502046 0.9010413487 0.7267487004
0.1357992685 0.2044230195 0.3043735494 0.4334981874 0.5791589384 0.7182522235 0.8223713289 0.8670400224 0.8410282122 0.7509258394 0.6184386811 0.4719166182 0.3366164382 0.2281997184 0.151401502 0.1028096412 0.07517175532 0.06098108472 0.05438438252 0.05160214968 0.05337197479 0.05864941933 0.07030584383 0.09363013788
0.1092000517 0.1674965022 0.2634318579 0.4048338208 0.5899110623 0.8018840965 1.00832105 1.167899113 1.24350887 1.216219088 1.092956261 0.9036571868 0.6894879442 0.4884425321 0.3251214482 0.2080038522 0.1330505202 0.08995291716 0.0675908201 0.05708851291 0.0526143013 0.05445043294 0.06152154573 0.07729924831
0.4331170023 0.2952366324 0.1936715302 0.127034904 0.08780383244 0.06697913531 0.05697953941 0.05262584697 0.052828438 0.05746959914 0.06805424718 0.08993860826 0.1308607799 0.1998353822 0.3041103118 0.444422475 0.6103152904 0.7785087111 0.916898956 0.9941340615 0.9910881551 0.908535789 0.7668329432 0.5977835212
0.1076386097 0.07681901668 0.06142098761 0.05445139286 0.05212682637 0.05581878463 0.06457014877 0.08339082461 0.1200360683 0.1844459816 0.2862138458 0.4298344307 0.6090038055 0.8029508962 0.9782180294 1.0972848 1.131461483 1.072089126 0.9340929647 0.7499041305 0.5571198778 0.3862901653 0.2541028902 0.1633745557
0.3868722195 0.5353497739 0.6899940265 0.8223754564 0.9031245989 0.9124380709 0.8479484396 0.7256988742 0.573676417 0.4214533613 0.2911443129 0.1932785611 0.1279142426 0.08877787005 0.06766373353 0.05736397851 0.05280979073 0.05218886265 0.05586256887 0.0643710619 0.08224194378 0.1162041218 0.1744171637 0.263996672
1.061610034 1.061160193 0.9750351928 0.824511735 0.6435115901 0.466257299 0.3171935526 0.2069717652 0.1344011892 0.09153431425 0.06870669124 0.05771113609 0.05290918415 0.05293909744 0.05778349787 0.06886544674 0.09184955383 0.1349661667 0.2078820199 0.3185040113 0.4679269114 0.6453623298 0.8262360748 0.9762703182
0.06856256951 0.05781970899 0.05301491134 0.05184842488 0.05500257655 0.0623913075 0.07809130932 0.1082851992 0.1606817564 0.2423646451 0.3559890774 0.4954695752 0.6435559011 0.7738301378 0.8578731072 0.87524157 0.8215258773 0.7101632632 0.5669918111 0.4205505229 0.2930763199 0.1959383157 0.1301913384 0.09032896256
1.152627883 1.066869867 0.908288396 0.7130290531 0.5187738018 0.3533371217 0.2296467007 0.1473743081 0.09830598922 0.07193254505 0.05911398974 0.05346624692 0.05290968246 0.05776791635 0.0689799445 0.09244404758 0.1368700562 0.2127252198 0.3289787264 0.4877425495 0.6786340395 0.8762443066 1.043917922 1.144268804
0.06928038476 0.09228591304 0.1348803541 0.2059373356 0.3121950517 0.4534877256 0.6182868675 0.7825484736 0.9142443929 0.9831860304 0.9722132176 0.8841149619 0.7404813228 0.5731297456 0.4127424235 0.280207114 0.1837120618 0.1210810586 0.08458347606 0.06539979197 0.05627613854 0.05234100124 0.05307291135 0.05804576115
0.06537008425 0.08476234527 0.121957049 0.1863229814 0.2863721265 0.4251067711 0.5948099129 0.7742133957 0.9310885578 1.031079101 1.049815679 0.9825396727 0.8460606301 0.6719513723 0.4947317859 0.3410525211 0.2243315597 0.1455679174 0.09794901421 0.07201804217 0.05925356695 0.0535593533 0.05230358888 0.05621977798
0.8968029273 0.859316171 0.7579222152 0.6167405916 0.4652546961 0.3284686066 0.2209107522 0.1460050294 0.0993571461 0.0732240282 0.0600013014 0.05394191211 0.05145614779 0.05402869009 0.0602012577 0.07364150027 0.1001450193 0.1473446364 0.2229528439 0.3312385455 0.4685558669 0.6201163291 0.760730547 0.8609198632
0.06842767805 0.05751411484 0.05280424851 0.05363651457 0.05952646953 0.07284073569 0.1001209911 0.150660867 0.2350261612 0.3612698569 0.5292613964 0.7253661453 0.9210389588 1.078175684 1.160781231 1.148300527 1.043905987 0.873191499 0.6740047593 0.4829187369 0.3248883402 0.2097488388 0.1349670532 0.09136136464
0.9815391882 0.9501212061 0.846035274 0.6943103193 0.5272976727 0.3736048353 0.2508038996 0.1640409268 0.1092762594 0.07819890835 0.06227765025 0.05489248694 0.05178433152 0.05392806513 0.06005616833 0.07356230889 0.1005282912 0.1491705751 0.228140435 0.3428691593 0.4906727822 0.6568624556 0.8148843375 0.9323334034
0.44081267 0.631700123 0.8424304059 1.037994581 1.177403683 1.227431881 1.175443217 1.03456148 0.8383036703 0.6276645434 0.4374265062 0.2878123499 0.1836013767 0.1186940177 0.08232647558 0.06392288554 0.05548822115 0.05202178858 0.05559430414 0.06416732519 0.08283682102 0.1196571667 0.1852390029 0.2903087418
0.1177716053 0.08262020935 0.06437001333 0.05579374067 0.05213792462 0.05359487534 0.05931161809 0.07207485862 0.09789632154 0.1451125547 0.2228641711 0.3375435195 0.4877575409 0.6599512747 0.8278361184 0.9578467086 1.019769222 0.9981034456 0.8983489148 0.7447439086 0.5707226183 0.4072066964 0.2742663923 0.1788665666
0.4287122852 0.2850757707 0.1835481264 0.1194383168 0.08304395527 0.06439184002 0.05573683123 0.05209295206 0.05457311073 0.06171134857 0.07744944403 0.1088832337 0.1656062219 0.2577314343 0.3916289655 0.564207738 0.7583599278 0.9431014969 1.080573818 1.13840079 1.102034656 0.98068497 0.8035408651 0.608396097
0.1067672063 0.1587189676 0.2405656288 0.3557139672 0.4988667591 0.6531857372 0.7918500637 0.8850503611 0.9102816378 0.8611479851 0.7499886359 0.6028576721 0.4496383407 0.3143944952 0.2100918142 0.1387191349 0.09499838487 0.07088853632 0.05887463597 0.05345083776 0.05174012675 0.05474966369 0.06186523358 0.0771282125
0.196297159 0.3054014242 0.4580770695 0.6467501333 0.8486827651 1.028334922 1.146812155 1.175403882 1.106856489 0.9583538957 0.7645384492 0.5644315295 0.3889698017 0.254421182 0.1628293892 0.1069967422 0.07635173929 0.06115064509 0.05431839292 0.05238929961 0.05649532307 0.06616078149 0.08680064364 0.1266972735
0.4273207345 0.2924604424 0.1925944332 0.1267530609 0.0878111853 0.06704811381 0.05703499567 0.05265694637 0.05261881633 0.0569427572 0.06684575073 0.08740935473 0.1260328939 0.1914341481 0.2907900251 0.425192511 0.5850585219 0.7483608178 0.8842378685 0.9620767604 0.9626501629 0.8858122587 0.7505587999 0.5874176239
0.1785710694 0.1169403762 0.08189807662 0.06391144682 0.05555279395 0.05202853391 0.05429748186 0.06102028304 0.07586442932 0.1055577319 0.1592238726 0.2465269383 0.3736369217 0.5377816859 0.7228594775 0.8994830416 1.031559223 1.088029648 1.054695514 0.9400012642 0.7715696193 0.5854233545 0.4136200625 0.2760111262
0.396348345 0.5385405839 0.6806953552 0.7951952426 0.855845843 0.8475635937 0.7724538811 0.6489442372 0.5044583721 0.3655973016 0.2505875202 0.1666825719 0.1121211565 0.08026944974 0.0634989807 0.05550971178 0.05205820316 0.05261024429 0.05684460668 0.06642658539 0.0860809155 0.1225336042 0.1834542541 0.2747279249
0.8466215321 1.001943855 1.091123103 1.092135735 1.004724237 0.8505031831 0.6642987527 0.4814472043 0.3273365703 0.2131616456 0.1378537833 0.09329465826 0.06952718398 0.05806076714 0.05304540172 0.05297806304 0.05789787185 0.06916980669 0.09258501849 0.1365819579 0.2111125676 0.3243865958 0.4776887429 0.6601325606
0.05198991809 0.05328526534 0.05851643219 0.0702058158 0.0938759509 0.1371983262 0.208606584 0.3140375715 0.4522922838 0.6109822647 0.7659587736 0.8862927939 0.9440465863 0.9247690304 0.8333540707 0.692028438 0.531594902 0.3806290068 0.25774543 0.1694685137 0.1128791842 0.08028947813 0.06335390057 0.0553883518
0.9125818768 0.7045745199 0.5046208172 0.3389821352 0.2181218376 0.1395176591 0.09362392721 0.0694568378 0.05794239008 0.05296730113 0.05375301589 0.05984234978 0.0736237394 0.1018955293 0.1543380471 0.2419936732 0.3733423472 0.5483904484 0.7530857409 0.9577752235 1.12270379 1.210146304 1.198357633 1.09033454
0.05237630346 0.05638738645 0.06571360891 0.08538018859 0.1229081037 0.1875064012 0.2873566945 0.4249829402 0.5921918557 0.7675066409 0.9190210887 1.013310206 1.027312521 0.9574698803 0.8211918502 0.6498243589 0.476989525 0.3281901823 0.2158814535 0.1405284992 0.09521726237 0.07067067525 0.05864841494 0.05331169116
0.05674977886 0.06677255426 0.08814523732 0.1293986088 0.2012575007 0.3137256686 0.4708422558 0.6646356307 0.8715756914 1.055099101 1.175386351 1.203256359 1.131636981 0.9784716602 0.7794360661 0.5744900675 0.3951586478 0.2578890935 0.1645977542 0.1078165221 0.0766968042 0.06128231039 0.05436383445 0.05248605847
0.8815952785 0.7158286758 0.5379152939 0.3772335491 0.2508642599 0.1628441297 0.1080212029 0.07730397896 0.06175970992 0.05463552291 0.05170768631 0.05472517831 0.06196629662 0.07773529444 0.1088352024 0.1642281596 0.252974071 0.380095345 0.5413259397 0.7193163624 0.8844967428 1.002246325 1.044501448 1.000589449
0.05573325599 0.0520954935 0.05438924549 0.06126115247 0.07644278913 0.1068281004 0.1617764913 0.2512191275 0.3815274591 0.5499207977 0.7399448216 0.9214830991 1.057476755 1.115964042 1.082242013 0.9648543604 0.7920853344 0.6009182903 0.4243277193 0.2827813811 0.1824878184 0.1190136683 0.08290226003 0.06435647453
0.8012739934 0.9011444715 0.9325507029 0.8875437518 0.7774561106 0.6282791647 0.4707263851 0.330151794 0.2207334133 0.1452302869 0.09861419712 0.07271342351 0.05971255597 0.05380115803 0.0516518824 0.05453805233 0.06141014936 0.07625697033 0.1053005376 0.1565971391 0.2380586003 0.3536493148 0.4987276871 0.6569108243
0.7324018617 0.9038813984 1.027881787 1.074959294 1.033237273 0.9132597744 0.7436751402 0.5601550759 0.3933837581 0.2615381692 0.1692694424 0.1115461785 0.07906728375 0.06256432794 0.05497056243 0.05179971301 0.05468073224 0.0618965081 0.07767302703 0.108914919 0.1647956305 0.2547184035 0.3841333846 0.5491307296
0.1606292885 0.1082858017 0.07810521333 0.06240344863 0.0550099048 0.05185202972 0.0529873161 0.05775189068 0.06841049875 0.09001795804 0.1296114897 0.1949532747 0.2915526284 0.4184062245 0.5642491779 0.7069793339 0.8181769406 0.8720576575 0.8551461998 0.7717365031 0.6421258896 0.4946116973 0.355547809 0.2421803231
0.7868885988 0.5838881488 0.4040219417 0.2648530552 0.1693395355 0.1106678506 0.07822697433 0.06201991796 0.05468457434 0.05224104111 0.05613093113 0.06535092345 0.08517823377 0.1237810804 0.1916274529 0.2988177366 0.4500798521 0.6387670291 0.8429973534 1.02753305 1.152865665 1.188794179 1.126215682 0.9808610297
0.1780991867 0.2709520204 0.3988036627 0.5539594022 0.7164100267 0.8565270702 0.9433627292 0.9556662136 0.8903108254 0.7635808813 0.6045975007 0.4444973282 0.3068275917 0.2030279455 0.1334509475 0.09165079075 0.06902596464 0.05795429284 0.05304360242 0.0522220825 0.05596835307 0.06467169501 0.08300939232 0.1179714012
0.08710061161 0.1268324439 0.195626255 0.3026190924 0.451073636 0.6327919103 0.8250582975 0.9933800342 1.10092191 1.121483944 1.049844228 0.9039068074 0.7174520371 0.5274865087 0.3626321255 0.237343037 0.1527479024 0.1015750703 0.0736939871 0.05996249053 0.05383379734 0.05245515585 0.05663205743 0.06639641665
0.2807980531 0.1858291486 0.1231619499 0.08606691695 0.06627287255 0.05671971544 0.05253962151 0.05246382903 0.05653637054 0.06587063182 0.08526819429 0.1217304718 0.1835228537 0.2774777791 0.4046939723 0.5561743018 0.7111162502 0.8402909835 0.9146247784 0.915764518 0.843420366 0.7154851368 0.5608634497 0.4089242147
0.09355708484 0.06938195546 0.05789346764 0.05294218196 0.05392544335 0.06027066094 0.07459458658 0.1039028982 0.1581225205 0.2484959553 0.3835174929 0.5628814931 0.7718498899 0.9798399818 1.146228259 1.232837883 1.218102391 1.105766934 0.9233466411 0.7112058811 0.5081611044 0.3405568918 0.2186458274 0.1395883372
0.2899957993 0.4268913668 0.5917016939 0.7625833219 0.9079116563 0.9953245549 1.003346474 0.9299379444 0.7933353424 0.6247102908 0.4566723269 0.3133732866 0.2061098408 0.1346876913 0.09204765329 0.06910709601 0.05794655813 0.05302478771 0.05249051354 0.05665445857 0.06627301396 0.08642123977 0.1246058544 0.1898693467
1.055131404 1.145025413 1.141834994 1.046371454 0.8821794717 0.6861275077 0.4950438548 0.3349659017 0.2169992191 0.1395710033 0.09396953702 0.06975458009 0.05812297595 0.05305698978 0.05326918369 0.05863626832 0.07088066786 0.0962055451 0.143578325 0.2234554267 0.3442605014 0.5068856371 0.6992537935 0.8944091703
0.06385818369 0.05558336729 0.05205881602 0.05351953191 0.05910991302 0.07158117112 0.09679152961 0.1428519293 0.2186343628 0.330306182 0.476432927 0.6437453776 0.806625907 0.9324571551 0.9919709407 0.970264856 0.8728480119 0.7233763618 0.5543448199 0.395723354 0.2669008862 0.1745447399 0.1154516967 0.08148095394
0.9867006989 0.8441750083 0.6662586721 0.487664505 0.3344795578 0.2192358075 0.1421435428 0.09591652473 0.07094134493 0.05874121062 0.05333941239 0.05252850282 0.05678062764 0.0666420876 0.0873832596 0.1268560368 0.1946139737 0.2990427991 0.4425266735 0.6162338314 0.7975735192 0.9533238152 1.048997649 1.061153123
0.06136673169 0.07601385686 0.104488561 0.1544569611 0.2332740135 0.3443037859 0.4825360035 0.6318085949 0.7662579531 0.8570310373 0.8822282864 0.8354637806 0.7284866544 0.58639894 0.438119951 0.3070250663 0.2057817029 0.1364149474 0.09387253691 0.07038581511 0.05866951636 0.05337437321 0.05166376391 0.05454567023
0.06239873615 0.07890269612 0.1116638661 0.1704077938 0.265183964 0.4019627181 0.5768838394 0.7718792335 0.9552023526 1.088862943 1.141194809 1.099005543 0.9729639323 0.7932298302 0.5977633741 0.4194828653 0.2781009379 0.1788817116 0.1166479773 0.08154380706 0.0636638378 0.05541704873 0.05196555066 0.05486797047
0.8561911691 0.7437260122 0.5963480249 0.443805911 0.3097924581 0.2068564217 0.1366781279 0.09383774407 0.07029169507 0.05859646526 0.05333313537 0.05179494529 0.05488531128 0.0621692754 0.077743973 0.1078900657 0.1605530905 0.2432276122 0.3590999556 0.5025433147 0.6563911011 0.7936643124 0.8847040436 0.907471214
0.06435449207 0.05567456773 0.05205309571 0.05543137721 0.0637941314 0.08206344674 0.1182114858 0.1828116794 0.2866717827 0.4360007526 0.6261841087 0.8371651453 1.034241995 1.176339674 1.229691167 1.180833665 1.042111732 0.8466249375 0.6354349751 0.4437629835 0.2923943905 0.1865657198 0.1204193945 0.08323336603
0.9493483036 1.01593488 0.9995093226 0.9042442668 0.7533902882 0.580080854 0.4156110589 0.2807958442 0.1833423489 0.1205082073 0.0841226459 0.0651139222 0.05612693284 0.05227321499 0.05337255214 0.05878342806 0.07093634566 0.09567401244 0.1411945549 0.2166479996 0.3287165496 0.4766353771 0.6476988605 0.816371677
0.3524593465 0.5179988381 0.712756499 0.9090029813 1.06898268 1.156293572 1.14927267 1.049705147 0.8820891913 0.6838686727 0.4919367845 0.3320021831 0.2146934184 0.1380301563 0.09306437593 0.06928129936 0.05790106969 0.05296324079 0.05343052809 0.05903129469 0.07176058174 0.09798687246 0.1468513871 0.2289042672
0.0791293743 0.06272559001 0.05508810605 0.05186194066 0.05379316161 0.05974359022 0.07290699555 0.09928885247 0.1470645706 0.2249460833 0.3385885962 0.4856979957 0.6520373208 0.8113646731 0.9312385448 0.9835244624 0.9550850186 0.8531275154 0.7022454967 0.5348072755 0.3798060542 0.2553428445 0.1670124247 0.1110261315
0.3352454628 0.2202790571 0.1430326055 0.09652009429 0.07129008737 0.0589175542 0.05341857825 0.05239061176 0.05643304815 0.06584367806 0.08571302774 0.1236764663 0.1891112844 0.2903960837 0.4302102941 0.6003662699 0.7791404693 0.9341013473 1.031125033 1.046501867 0.976324886 0.8380975947 0.6636604407 0.4873284279
0.07478109123 0.1023033087 0.1510344203 0.2286244896 0.3390307854 0.4780343869 0.6301558464 0.7696844867 0.8670921998 0.8990464361 0.8574642019 0.7528239734 0.6098881962 0.4582136395 0.3223987857 0.2163620555 0.1429896994 0.09757150218 0.0722735962 0.05954476574 0.05374344677 0.05154911247 0.05426478675 0.06074590868
0.2356628105 0.3642241202 0.53672715 0.7400222283 0.9453071351 1.113193873 1.205538288 1.19944361 1.096459575 0.9219442072 0.714946023 0.5141042492 0.3464668586 0.2233277955 0.1427452618 0.09541995548 0.07035790728 0.05835124099 0.05313545343 0.05354098233 0.05933213645 0.07250970781 0.09969241347 0.1504018644
0.6580595333 0.484317126 0.3339221424 0.21987248 0.1430204093 0.09661921118 0.07138370972 0.05897702914 0.05344916266 0.0522898548 0.05617585326 0.0652446496 0.08444049467 0.1212119322 0.1847620516 0.28340702 0.4199914338 0.5867856279 0.7627570887 0.9161909989 1.013423516 1.030736355 0.9637318462 0.8291421584
0.2092693993 0.1354690495 0.09197752821 0.0688693224 0.0577629574 0.05292300499 0.05308911178 0.05816477008 0.06975084818 0.09372793794 0.1386061161 0.2143235685 0.328912174 0.4832779015 0.6660231919 0.8516024607 1.004668243 1.090584531 1.0880869 0.9978104894 0.8420284218 0.6557472864 0.4740076023 0.3216359617
0.6214852255 0.7757768153 0.8935923436 0.9474156186 0.9237477556 0.8285920737 0.6849877371 0.5239714186 0.3737952137 0.2524511047 0.1658514122 0.1106755846 0.07908426288 0.0627594986 0.05512319176 0.0518826911 0.05348139043 0.05898047217 0.0712020116 0.09581275609 0.1405997973 0.2139832496 0.3216459323 0.4618493442
0.9111799509 1.039661454 1.090904426 1.051997206 0.9327823089 0.7618232801 0.5753179112 0.4048164001 0.2693393831 0.1740969206 0.1142594268 0.08045398614 0.06320939414 0.05524388438 0.05190526229 0.05457588075 0.06167036247 0.07724115055 0.1081966524 0.1637894549 0.2536279949 0.3835065811 0.5499226194 0.7358554926
0.05532941756 0.05198518949 0.0526881231 0.05702877035 0.06682058167 0.08684122996 0.1238513924 0.1854923296 0.2775108887 0.3996400065 0.5417807305 0.6830723574 0.7958760281 0.8542876562 0.8437570812 0.766960579 0.6426992766 0.4984406492 0.3605324596 0.2468069762 0.1641577579 0.110604075 0.07944622855 0.063094502
0.9659290712 0.7725557756 0.5716898244 0.3947345486 0.2584916705 0.1654048509 0.1084643161 0.07710747957 0.06150320502 0.05446765919 0.05231489441 0.05631103144 0.06574711352 0.085961105 0.1251616927 0.1937777003 0.3017201422 0.4533442395 0.6415142411 0.8439369353 1.025300087 1.146533679 1.178332617 1.112634142
0.05653818585 0.06595081333 0.08561556666 0.1227827298 0.1861282551 0.2830234725 0.4150753564 0.5734760552 0.7369776044 0.8751250898 0.957044224 0.9625750408 0.8903112275 0.758179256 0.5962326954 0.4356058709 0.2991386107 0.1973227765 0.1297315499 0.08949316806 0.06790379911 0.05742847855 0.05282088906 0.05245280569
0.05232633797 0.05634610107 0.06584428384 0.08620509567 0.1257178442 0.1949299812 0.303892392 0.4570732777 0.6473473698 0.8522556293 1.036120633 1.159376019 1.192244188 1.126392333 0.9783541636 0.7828046875 0.5794125633 0.4000513069 0.2618364152 0.1673278166 0.109474776 0.07759282053 0.06171630942 0.05455320312
0.751415606 0.5921835616 0.4335736132 0.2983605174 0.1971796763 0.1298260403 0.08962532026 0.06800248422 0.05748554712 0.05284869605 0.05235713974 0.05629674166 0.06539493566 0.08444858094 0.1205498751 0.1822368873 0.2768508662 0.4061719556 0.5618119897 0.7231202335 0.8602262143 0.9425887133 0.9499698219 0.880492965
0.05192807557 0.05442414818 0.0613057871 0.07644255383 0.1066027389 0.1608926982 0.2488382403 0.3763084546 0.5401039433 0.7237201285 0.8976221637 1.026015109 1.078589846 1.042108978 0.9258061337 0.7576003521 0.5732383331 0.4041135313 0.2693395489 0.1743434248 0.1145149196 0.08063578053 0.06331463283 0.05529615755
0.6996512759 0.8117818858 0.8675464602 0.853018774 0.7718889773 0.6439454746 0.4972539656 0.3582430388 0.2444302394 0.1622446885 0.1093060832 0.07867900912 0.06269288941 0.05514148183 0.05190610829 0.05287900669 0.05749220966 0.06784467426 0.08889903104 0.127606911 0.1917077055 0.2868197894 0.4122212879 0.5570623972
0.541152282 0.730129723 0.911983194 1.049855633 1.111468846 1.081356149 0.9671524433 0.7964588094 0.6060343527 0.4290782394 0.2865307132 0.185075842 0.1205991188 0.08377165411 0.0647855281 0.05592451501 0.05217270229 0.05421180053 0.06084234437 0.07554524391 0.1050843672 0.1587121619 0.2463628629 0.3746175778
0.1490403394 0.1008094324 0.07385657111 0.06025187157 0.05403208563 0.05156414273 0.05431828154 0.06091131219 0.07523332401 0.1034076419 0.153457933 0.2334237828 0.3476315393 0.4920116442 0.6507861681 0.7973733298 0.9009160623 0.9366807966 0.8956279699 0.7881129601 0.6396547185 0.4811259661 0.3384974894 0.2266897481
0.5618496857 0.3851825372 0.2508869768 0.1601929061 0.1053206082 0.07541860492 0.06068926713 0.05411410722 0.05262541083 0.05709304853 0.06753880683 0.08969160064 0.1322107551 0.2058440108 0.320385284 0.4793460198 0.6739693922 0.879947435 1.060344178 1.175691935 1.197892507 1.121307988 0.9650796982 0.765376967
0.1673956412 0.2579003738 0.3869690574 0.5498690315 0.7286625671 0.8933017751 1.009055166 1.048241495 1.000953112 0.8791136103 0.7116075309 0.5331903935 0.3729740263 0.2475824468 0.1606268577 0.1066897118 0.07658761469 0.06141263585 0.05448357045 0.05178487297 0.05492213288 0.06242312374 0.07869721444 0.110670857
0.1246034567 0.1908499863 0.2933806925 0.4348990965 0.6071076425 0.7880109334 0.9447834257 1.042897738 1.058376154 0.9872858664 0.8473573916 0.670819624 0.4923940766 0.3385257813 0.2222231006 0.1440870034 0.09704346743 0.0715278406 0.05901639787 0.05345618612 0.0524214866 0.05651559539 0.06604566053 0.08616533955
0.3148223037 0.2113006664 0.1399185345 0.09587686508 0.07142247782 0.05915539585 0.05358109635 0.05157644919 0.05432839453 0.06087690055 0.0750158308 0.1026570056 0.1514445785 0.228868136 0.3386480147 0.4763199187 0.626280772 0.7629582343 0.857282438 0.8866009925 0.8434922724 0.7388084766 0.5972499363 0.4479279201
0.1359877206 0.09200317563 0.06877842967 0.05768365527 0.05287745094 0.05344623464 0.05905926331 0.07179577805 0.09799359975 0.1467221029 0.2284019471 0.3511652816 0.5153092387 0.7079757706 0.9015488805 1.058650525 1.143461032 1.134919107 1.0351965 0.8688037404 0.6728281472 0.4835988279 0.3262736231 0.2111098905
0.3364639409 0.4843307344 0.6527019785 0.8154487669 0.9397358576 0.9965368246 0.9716062072 0.8712676627 0.7198159889 0.5499858948 0.3915792261 0.2635780434 0.1722230767 0.1140149301 0.08068603634 0.06346268763 0.05540572811 0.05198658927 0.05367051434 0.05946866591 0.07235538307 0.09830664711 0.1455351366 0.222922226
1.237926356 1.219784943 1.104275203 0.9196277936 0.7065144456 0.5036141749 0.336853665 0.216022001 0.1379432155 0.09263541478 0.06891777689 0.05768247512 0.05285537847 0.05406802833 0.06061339845 0.07534290673 0.1053847037 0.1607783017 0.2527920964 0.3897651276 0.5710003733 0.7811874396 0.9891843901 1.154089969
0.06807657128 0.05747709645 0.05283061865 0.0526419635 0.05702074464 0.06707540427 0.08800933477 0.1274356589 0.1943853673 0.2963977978 0.4348415164 0.6001213086 0.7697248093 0.911798898 0.9944453893 0.9972818636 0.9195870219 0.7805977527 0.611791378 0.4453695902 0.3046612763 0.2001253437 0.1309984249 0.08999729199
1.126873242 1.060370337 0.9176169827 0.731878436 0.5404755057 0.3728933842 0.2445505329 0.1572845436 0.1041468688 0.07501157215 0.06057401909 0.0540913878 0.05231113909 0.05627718057 0.0656039523 0.0855006302 0.1239211928 0.190874804 0.2957135684 0.44224409 0.623079843 0.8163114479 0.9878361067 1.100461258
0.06537755286 0.08426995577 0.1198990565 0.1804849849 0.2729365217 0.3986047955 0.5489039575 0.7034795421 0.8333908565 0.909520929 0.913109445 0.8432438935 0.7172353717 0.5636683889 0.4119245764 0.2833913544 0.1877472411 0.1244067799 0.08678523758 0.06664432074 0.05689271058 0.05261243482 0.05237371713 0.05631527648
0.07903842383 0.1124948492 0.1730968285 0.2719120877 0.4161394373 0.6028960857 0.8141383153 1.016566843 1.168982423 1.23562157 1.199741942 1.0704368 0.8789022247 0.6662429354 0.4693069469 0.3111220921 0.1988286803 0.1276356335 0.08706525786 0.06619587462 0.05647699024 0.05237068326 0.05480645673 0.06234904321
0.9990001529 0.9127538862 0.7678587883 0.5966666423 0.4310110592 0.2930435193 0.1918933243 0.1258178277 0.08707764712 0.06659527491 0.05679811005 0.05254872739 0.05297352843 0.05782555727 0.0688490691 0.09155238876 0.1338365773 0.2048112575 0.3116393088 0.454701583 0.6229256526 0.7923232939 0.9302770203 1.005382091
0.07916234874 0.06251373775 0.05491454205 0.05197121105 0.0554342187 0.06371110814 0.08166208098 0.1169172076 0.1794397362 0.2791547608 0.4212971408 0.6006121371 0.7973110629 0.9783003149 1.105375576 1.148138294 1.095775561 0.9614889256 0.7771027033 0.5808497015 0.4047144261 0.266928983 0.1714193111 0.1121998596
0.8854418693 0.8974920471 0.8368400939 0.7186037174 0.5699751005 0.420107396 0.2911040109 0.1937515584 0.1284426296 0.08917627876 0.06790711711 0.05749134197 0.05286830299 0.05206337872 0.05554564841 0.06364134441 0.08071096556 0.1132792353 0.1693329647 0.2559638935 0.3753517978 0.5203777652 0.6724031949 0.8037516871
0.4152456254 0.583814848 0.7640485324 0.9241707443 1.029481551 1.054448577 0.9927371269 0.8598134191 0.6866647173 0.5081081853 0.3516871246 0.2318347801 0.1503063877 0.100642097 0.0734005587 0.05989628576 0.05383044899 0.05214697204 0.05583326662 0.06450536701 0.08301239789 0.1187633262 0.1810895693 0.2787235336
0.1022904439 0.07479480747 0.06076045433 0.05427397454 0.05155369121 0.05368611611 0.0594061039 0.07196756844 0.0969554124 0.1418588039 0.2144702561 0.3195165296 0.4542173018 0.6048503279 0.7470569319 0.8514789292 0.893426852 0.8623331809 0.7660649523 0.6276996412 0.4765630505 0.3382675946 0.2282952898 0.150928861
0.4708231911 0.3154243797 0.2032192785 0.1309501149 0.08914289845 0.0673228741 0.05701646513 0.05260104729 0.05393476911 0.0602389899 0.07438520612 0.103152929 0.1560374875 0.2436079163 0.3735327491 0.544817261 0.7426325371 0.9373447667 1.090431161 1.166518093 1.146603517 1.035745854 0.8609829787 0.6606466441
0.1034119711 0.1540708718 0.2355885738 0.3529038073 0.5024698912 0.6685945554 0.8240231622 0.9364072017 0.9790606157 0.9412227819 0.8324560709 0.6787313341 0.5123828317 0.3612216143 0.2417208111 0.1580936592 0.1057779612 0.07634247087 0.06138627938 0.0545044173 0.05163089821 0.05424380653 0.06078578596 0.07508877597
0.1469682237 0.2277779408 0.3483030936 0.5081092901 0.6938903199 0.8782971138 1.025195875 1.100821666 1.086328965 0.9854007427 0.8227326081 0.6342412591 0.4542841015 0.306042794 0.1984123044 0.1287333469 0.08822777087 0.06698754777 0.05690897883 0.05257174846 0.05353956808 0.05924853362 0.07211703702 0.09840747886
0.5022761073 0.3557382113 0.2391591053 0.1571115334 0.1055106966 0.07632986149 0.0614301499 0.05454136839 0.05165140272 0.05389033642 0.05993027795 0.07319888459 0.09960257934 0.1470672826 0.2238492966 0.3349734891 0.477530829 0.637032126 0.7877135442 0.8984868192 0.9431695292 0.9105064943 0.8087625045 0.6623349186
0.1500557234 0.09946650813 0.07238267704 0.05926924277 0.05351324099 0.05319081337 0.05848932326 0.07067169999 0.09606921058 0.143967312 0.2254180553 0.3497113813 0.5186662008 0.72074198 0.9285749124 1.103255081 1.205632596 1.210479461 1.116563186 0.9471543671 0.7406837164 0.5366567079 0.363832319 0.2352269066
0.5591933813 0.734650589 0.892532529 0.9989335994 1.028174701 0.9728444055 0.8468415957 0.6797192427 0.5054632997 0.3515027424 0.2326672121 0.1512887917 0.1014036118 0.07387576715 0.06014968329 0.05394892696 0.05196483123 0.0553661134 0.06341299909 0.08068480725 0.1142469268 0.1731155114 0.265925853 0.3965995296
0.870328386 1.048151795 1.161570212 1.182944572 1.106846421 0.9522908536 0.7550382578 0.5542086224 0.3800192767 0.2476968743 0.1583906331 0.1043895116 0.07497871081 0.06049920308 0.05403900237 0.05260629492 0.05703800082 0.06739428262 0.08934551077 0.1314545424 0.2043358732 0.3176393181 0.4747803331 0.6670357722
0.05241809729 0.05281814572 0.057416971 0.0678657467 0.08938648452 0.1294702759 0.1967552606 0.2980356412 0.4336771703 0.5931868927 0.7538239812 0.8846613321 0.9559161111 0.9499059596 0.8681590296 0.730784694 0.5684576577 0.411366808 0.2805232218 0.1845899268 0.1219187101 0.08517245447 0.06574326908 0.05644938966
0.7909476202 0.6032362872 0.4280639473 0.2864565374 0.185353298 0.1209116866 0.08400151293 0.06492141895 0.05599312675 0.05220306979 0.05404451274 0.06043635835 0.07464695173 0.1032732143 0.1553867577 0.2408071483 0.3661802174 0.5295194214 0.7155936425 0.8955583525 1.033126625 1.096180901 1.068909407 0.9582299353
0.0523610332 0.0562392666 0.0650902504 0.08340341013 0.1176731856 0.175479821 0.2629426311 0.3807370106 0.5201478261 0.6616704833 0.7783364926 0.8437396445 0.8416906751 0.7727106293 0.6538162689 0.5117178168 0.3731319578 0.2569734535 0.1713335307 0.1150996239 0.08196741949 0.0643670676 0.05590962802 0.05222476228
0.05510647779 0.06288703957 0.07976571582 0.1129232225 0.1717410483 0.2655731027 0.3993683539 0.568207877 0.7534867333 0.924056021 1.043926068 1.084428194 1.035321756 0.9089883036 0.7353744086 0.550495265 0.3845056959 0.2546154944 0.1645526056 0.1086952399 0.07752531188 0.06181389398 0.05464071978 0.05185191559
0.7553051696 0.6248187782 0.4787619951 0.3427069766 0.2328863616 0.1545829823 0.1047358893 0.07621891954 0.06149446756 0.05461205398 0.05169368 0.0531822849 0.05820321358 0.06935354096 0.09178960893 0.1325862287 0.1993751715 0.2972752525 0.4246401746 0.5694927556 0.7092894089 0.8157802443 0.8640736027 0.8420537274
0.05514147273 0.05206264429 0.05568623173 0.0643468391 0.08312984135 0.1200186832 0.1854378272 0.2897714514 0.4384958834 0.6261118736 0.8319134546 1.021274533 1.154222958 1.198954944 1.144159611 1.003651764 0.8107297632 0.6053956267 0.4211128209 0.2769556068 0.1770303018 0.1150736547 0.08050946008 0.06309167761
0.8400456366 0.9304261649 0.9479768854 0.8882408668 0.7661499368 0.6099774535 0.450745431 0.3124811216 0.2073472013 0.1363279498 0.09334862102 0.06992189295 0.05837948586 0.05322578633 0.05204868224 0.05553606031 0.06369173474 0.08099185669 0.1142048994 0.1717363286 0.261253389 0.385520164 0.5377137742 0.6988478535
0.7025099425 0.908778362 1.084442864 1.190416202 1.200672421 1.112604095 0.9480959166 0.7447129801 0.541835147 0.368687598 0.2389914775 0.1525771749 0.1009554571 0.07316659067 0.059639733 0.05367112641 0.05298791231 0.057987487 0.06954267174 0.09376119422 0.1396862463 0.2182263361 0.3387976003 0.503758349
0.2326351048 0.151068813 0.1011895755 0.07372888578 0.06006710547 0.0539089791 0.05203643611 0.05555056895 0.06384636155 0.08161296931 0.116058144 0.176333608 0.271127567 0.4042405969 0.5693800086 0.7469531467 0.9059598472 1.012131995 1.039799835 0.9819477243 0.8530954822 0.6833944719 0.5072069355 0.3520527587
0.6371254663 0.455397639 0.3061904684 0.1981754229 0.1284369753 0.08800116904 0.06685017946 0.05683822772 0.05253988495 0.05367494718 0.05958141319 0.07286333032 0.09993221927 0.1498053225 0.2325820127 0.3556988003 0.5184475086 0.7069912533 0.8933147523 1.040720758 1.115232193 1.098259384 0.9941145483 0.8282373614
0.2218177903 0.3314757675 0.4720319684 0.6291367742 0.7773582871 0.886078576 0.9295838652 0.8969131353 0.7963317862 0.651944518 0.4943369647 0.3501925293 0.2356174367 0.1550434839 0.1044065164 0.07579076216 0.06118945383 0.05444308945 0.0516147031 0.05385634204 0.05983764513 0.07296879511 0.09908137609 0.145990157
0.09339836844 0.1385706078 0.2154387737 0.332824114 0.4925140086 0.6836786382 0.8805056014 1.046202254 1.143664033 1.14888386 1.060534429 0.9005148296 0.7051550926 0.5118891996 0.3480320356 0.2260027874 0.1451278317 0.0970573109 0.07130482976 0.05882796263 0.05334791452 0.05300063705 0.05798794975 0.0694620523
0.2737506453 0.1792549062 0.1183378378 0.08306792048 0.06464481841 0.0559359817 0.05220207735 0.05327695419 0.05853332664 0.07033751217 0.09436175682 0.1385627518 0.2118172901 0.3206015008 0.4641588372 0.6301430852 0.793763331 0.9227017783 0.9871916581 0.9711331731 0.8786056439 0.7321891478 0.5640355805 0.4044973649
0.09339588834 0.06965195453 0.05814506162 0.05308968677 0.05275366336 0.05733227772 0.06786892487 0.089855604 0.1313601652 0.2020077409 0.3099267896 0.4567877215 0.6326611805 0.8138283763 0.9664461425 1.056351185 1.06140159 0.9803131447 0.8331882042 0.6534406654 0.4755341953 0.3246412781 0.2122290456 0.1377047007
0.2397598426 0.3527080277 0.4919519153 0.6405512022 0.7722233923 0.858382678 0.8781211994 0.8264299173 0.7162574457 0.5732549493 0.4261110297 0.2974288007 0.1989758546 0.1320942947 0.09140392589 0.069111797 0.05807407874 0.05312187775 0.05179245026 0.05486494581 0.06208482476 0.07747477616 0.1071688458 0.1588719846
1.096467437 1.134275515 1.07821761 0.9424047632 0.7588758435 0.5653590775 0.39291078 0.2588256306 0.1663906037 0.1093722482 0.07771918927 0.06184428937 0.05463200425 0.05204761605 0.05562103704 0.06412263794 0.08247481301 0.1183453462 0.1816444917 0.2820747502 0.4244419913 0.6029331864 0.7972952506 0.9743644674
0.05772878648 0.05296354658 0.05206138756 0.05554840407 0.06366809434 0.08081621594 0.1135890162 0.1700926306 0.2575783546 0.3783819127 0.5254532784 0.6800397051 0.8141162725 0.8981690728 0.9116618638 0.8511664729 0.7317735003 0.5809931546 0.4285028753 0.2969340042 0.1974429701 0.1305747 0.09029997521 0.0684477038
1.213999272 1.085852225 0.8936733934 0.6789011056 0.4790637445 0.3179123506 0.2031070207 0.1300808975 0.08833488937 0.06679542319 0.05673471378 0.05247160344 0.05471264896 0.06214039232 0.07862409777 0.1117678306 0.1719900319 0.2705046723 0.4147898145 0.6023305514 0.815397226 1.020747224 1.176826069 1.247123812
0.05771900994 0.06859421653 0.0909945027 0.1327189126 0.2027620461 0.3082007926 0.4494212178 0.6155046067 0.7827783301 0.9190415559 0.993278478 0.9870672558 0.9019871696 0.7589682755 0.5899480848 0.4263645092 0.2901025522 0.1901897772 0.124914756 0.08663952619 0.06640075286 0.05671907013 0.05251933557 0.05293276167
0.0593326573 0.07257363402 0.09997227198 0.1512483994 0.2377494585 0.3686402797 0.5449417756 0.7536213434 0.9654936838 1.140192414 1.238180482 1.235204053 1.132020022 0.9540842877 0.7413755256 0.5338943338 0.359969189 0.2317263791 0.1475099366 0.09788629432 0.07152311087 0.05885381228 0.05333339694 0.05353134878
0.9758363452 0.8774907509 0.7268984604 0.5567752067 0.3972471164 0.2677676639 0.1749912442 0.1156594508 0.08156794825 0.06389078921 0.05559421227 0.05206197036 0.05355828451 0.05920644852 0.07180093111 0.09724865086 0.1437206381 0.2201423851 0.332697034 0.4798940584 0.6483194052 0.8121425169 0.9385272396 0.998062041
0.05926288445 0.05353636912 0.05271865987 0.05728574897 0.06787001785 0.0901150394 0.1324177807 0.204976577 0.3167120683 0.4700981085 0.6556060991 0.8490265486 1.014858516 1.116344453 1.128606044 1.048526604 0.8960341357 0.7060660852 0.5156276314 0.3524554094 0.2298106554 0.1478365087 0.09872119414 0.07220579663
0.8869656088 0.9136682557 0.8656761368 0.755050154 0.6077681636 0.4538488846 0.3176181157 0.2123093672 0.1400955035 0.09577139018 0.07128220122 0.05905670962 0.05352740881 0.05171297442 0.05468321627 0.06171841852 0.07683646147 0.1062487599 0.1579026497 0.2394448144 0.3544141174 0.4976909469 0.6525919014 0.7923346354
0.2885435211 0.4289799449 0.6010566988 0.7833440956 0.9432042245 1.045692401 1.065853478 0.9985678623 0.8606571111 0.684070345 0.5039093644 0.3473940662 0.2283310268 0.1478707636 0.09915984435 0.07259953359 0.05950867292 0.05366160757 0.05230906719 0.05624160732 0.06544143891 0.08496314966 0.1224544036 0.1874201689
0.0840470075 0.0653512424 0.05633489715 0.05239258327 0.05235718084 0.0562492569 0.06516335528 0.08367392174 0.1184421337 0.1773165432 0.2667592261 0.3877550103 0.5316787244 0.6787016257 0.8010401554 0.871132398 0.8716647823 0.8025019219 0.6807423753 0.5338690683 0.3897309919 0.2683101504 0.1783938276 0.1191107839
0.3200653999 0.2066891758 0.1332032904 0.09043649099 0.06798613614 0.05732206783 0.05272810495 0.05367359075 0.05960784706 0.072998147 0.1003838169 0.1510231113 0.235388107 0.361368343 0.5286284348 0.7233703542 0.9170436137 1.071784594 1.152070082 1.137903891 1.032886348 0.8627323201 0.6650681153 0.4760203581
0.08561116071 0.1229757666 0.1868682318 0.2849406162 0.4191008163 0.5807174443 0.7484143848 0.8911906635 0.977272045 0.9855162719 0.9138274086 0.7800188416 0.6146412649 0.4497077913 0.3089667875 0.2035596028 0.1333376684 0.09139397829 0.06881760916 0.05782930435 0.05298135275 0.05243218863 0.05650122839 0.06590468413
0.264406319 0.3997228434 0.5720857933 0.7633311778 0.9420146605 1.07090242 1.119369836 1.075186979 0.949517649 0.7723501234 0.5809055544 0.4071233464 0.2698622514 0.1738838103 0.1138866174 0.08015342773 0.06302551603 0.05514973218 0.05186339877 0.05491787303 0.06249126593 0.07903802355 0.1117815937 0.170304706
0.5259920765 0.377321515 0.2560064592 0.168663889 0.1125587082 0.08018480841 0.06332970473 0.05538746039 0.05199287063 0.05316775747 0.05822536015 0.06954741696 0.09251628281 0.1346355173 0.2041989701 0.3071234871 0.4424040497 0.5980960437 0.7506664285 0.8697801662 0.9278391777 0.9103278214 0.8216927688 0.6835141936
0.2687794974 0.171565326 0.1118221741 0.07877466546 0.062257665 0.05477899602 0.0522668861 0.05620392592 0.06553942559 0.08562335141 0.1247422288 0.1935254008 0.3022452217 0.4557407086 0.6473180978 0.8548115849 1.042462761 1.170122901 1.207040573 1.143863057 0.9964741949 0.7995248829 0.5932438121 0.4103586711
0.5998065113 0.7767676555 0.9292507719 1.023556994 1.036600791 0.9650672083 0.8267763265 0.6534904824 0.4791175977 0.3292631802 0.2163345583 0.1406739959 0.09523915409 0.07065749477 0.05863320957 0.05330216196 0.05243140091 0.05652815779 0.06604191343 0.08607888842 0.1242645551 0.1899076541 0.2912308354 0.4306761093
1.050458102 1.169767495 1.197065619 1.125424991 0.9727911942 0.7746999212 0.570888107 0.3926589853 0.2563057171 0.1636820395 0.1073328994 0.07646350778 0.06117949972 0.05432243811 0.05248393049 0.05674145805 0.06674556055 0.08806948464 0.1292110484 0.2008432847 0.312904279 0.4693733073 0.6622592706 0.8680906138
0.05421299372 0.05153862629 0.05425899409 0.06078977486 0.07501780386 0.1030905762 0.153113885 0.2332940286 0.3482022652 0.4940225384 0.6551047301 0.8047229136 0.9115410568 0.9501106019 0.9106909389 0.8032342162 0.6533152515 0.4922725895 0.3467339236 0.2322115193 0.1524037629 0.1026729275 0.07479650386 0.06068377922
0.9388884423 0.7714765023 0.5859553107 0.4143899757 0.2767439556 0.1791327716 0.1173083091 0.08210941139 0.06401933663 0.05560214104 0.05204885898 0.05422995336 0.06085929402 0.0755152049 0.1048691185 0.1579911987 0.2445271375 0.3707033415 0.5339029055 0.7182584051 0.8946214079 1.027037416 1.08440774 1.052313968
0.05421628565 0.06059446038 0.07436459018 0.1012826946 0.1487902348 0.2241761368 0.3310572195 0.465080463 0.6110496484 0.7440675692 0.835839157 0.8643236226 0.8223103534 0.7203755029 0.582568984 0.4372264901 0.3076829623 0.2069415021 0.1374825352 0.09463097464 0.07083928613 0.05890555026 0.05348313362 0.05153572221
0.05294080011 0.05780395322 0.06895375507 0.09213153931 0.1357138188 0.2095974019 0.3219770418 0.4741994778 0.6555353037 0.8411161725 0.9959594333 1.085228495 1.086886876 1.000512852 0.8474731402 0.6623582746 0.4803547216 0.3268082371 0.2129532031 0.1377967114 0.0932937348 0.06953904398 0.05807073381 0.0530510842
0.6237973644 0.4801433085 0.3451204123 0.2353176489 0.1565039634 0.1060204011 0.07696858203 0.06188232608 0.05479155278 0.05176840829 0.05296207907 0.0576738074 0.06819519013 0.08948514676 0.1284228046 0.1925549949 0.2871668379 0.4111244909 0.5532587999 0.6918850606 0.799298069 0.8505406958 0.832787119 0.7505439426
0.05287393014 0.05366659854 0.05961209181 0.07306236895 0.1006432276 0.1517818386 0.2372193199 0.365182786 0.5356302952 0.7348264235 0.9338665565 1.094057336 1.178738796 1.166847846 1.061407163 0.8882807514 0.6858935478 0.4914797607 0.3305231026 0.2131390481 0.1368317732 0.09229907507 0.06885882051 0.05769537237
0.7167960081 0.8579067587 0.9459029089 0.9592684193 0.8946070915 0.7680402592 0.6086944044 0.4478609394 0.3093102843 0.2046819484 0.1344483137 0.0921962431 0.06929692212 0.05807669639 0.05309393317 0.05220086919 0.05591806025 0.06456451373 0.08280530293 0.117627537 0.1775952608 0.2703316937 0.3982177116 0.553681728
0.6691155414 0.8789222636 1.065751232 1.189180039 1.219307757 1.148491625 0.9944873054 0.7932363727 0.5852901364 0.4028441988 0.2628669206 0.1675343553 0.109395417 0.07747087532 0.06162849515 0.05450511611 0.05247153812 0.05672136945 0.06672937356 0.08810948197 0.1294543843 0.2016121978 0.3147779869 0.4732150108
0.1311560703 0.08996549989 0.06801278833 0.0574303299 0.05280521855 0.0527885405 0.05738998482 0.06792427468 0.08978973894 0.1308410685 0.2003226612 0.3058281444 0.4484773513 0.6180550412 0.7911543294 0.9350307022 1.01725165 1.017502458 0.9357193441 0.7921157316 0.6190869174 0.4494082403 0.3065587877 0.2008301715
0.5936182242 0.4189504513 0.2791783245 0.1802898214 0.1177920697 0.0822833618 0.06407051742 0.05561271303 0.05204911845 0.05440512332 0.06128912494 0.07647853438 0.1068406535 0.1616749166 0.2508092278 0.3804784549 0.5477761588 0.736209123 0.9157855614 1.049759743 1.106604381 1.072022894 0.9547743846 0.7830800901
0.129471981 0.1963132673 0.2965385476 0.4302046409 0.5866380334 0.7432293476 0.869603655 0.9368747452 0.9283187317 0.846110693 0.710429136 0.5514301547 0.3984384923 0.2716017875 0.1789887543 0.1187166363 0.08350451934 0.0649512102 0.05610633684 0.05228253067 0.05285265935 0.05748503373 0.06797500691 0.08950716119
0.1165742236 0.1792015907 0.279488573 0.4230660477 0.6050624424 0.8058392026 0.9919946584 1.12448145 1.171710692 1.121751875 0.9872147174 0.8000935021 0.5994436541 0.4183514431 0.276012805 0.1769214923 0.1152332099 0.08068554104 0.06321083521 0.0552054493 0.05193541304 0.05535315221 0.06355117571 0.08139610808
0.3916930617 0.264612589 0.1733688974 0.1149064158 0.08125367033 0.06377354976 0.05555548773 0.0520508314 0.05341672122 0.05885371002 0.0709977373 0.09557756893 0.1405443325 0.2146276736 0.3239528772 0.4672346294 0.631589132 0.7919654341 0.9163283364 0.9757907166 0.9554710691 0.8605275684 0.714037275 0.5479074012
0.1145569714 0.08074160638 0.06339804473 0.05534426203 0.05195103706 0.0541979269 0.06075772978 0.07523119648 0.10416098 0.1564061278 0.2413278623 0.3648627282 0.5242373388 0.7037349305 0.8747818436 1.002374917 1.05648721 1.023509128 0.911793572 0.7482290733 0.567754714 0.4013837312 0.2682582627 0.1740769741
0.3500827575 0.4903039748 0.6412833164 0.776724999 0.8674779177 0.8916148994 0.8430165591 0.7338841713 0.5897769108 0.439921794 0.3077936241 0.2059905501 0.1363884858 0.09378696961 0.07031259332 0.05862417006 0.05335120276 0.05171609309 0.05468093079 0.06168570859 0.0766998818 0.1058335294 0.1568592889 0.2371806422
1.123489806 1.143268394 1.069030344 0.9193184461 0.7287379448 0.5350168411 0.3672071467 0.2398718419 0.1540182683 0.1021543011 0.07393327305 0.06005183885 0.05386385121 0.05253896332 0.05685076841 0.06691817844 0.08823837005 0.1291000206 0.1997563608 0.3094928609 0.4615257407 0.6473103667 0.843477387 1.014718289
0.07352041662 0.06013563704 0.05399750067 0.05145440163 0.05402651973 0.06020250378 0.07366002249 0.1002174895 0.1475497804 0.2234319276 0.3322040624 0.4702705189 0.6228303856 0.7645861968 0.865858146 0.9025230712 0.8653218528 0.7636470585 0.6217015012 0.4691665715 0.3312777659 0.222749032 0.1471018035 0.09995401798
1.21600748 1.105609705 0.9246551697 0.7132875043 0.5103606762 0.3424327973 0.220014277 0.1404640782 0.09405532281 0.0696359568 0.05801008645 0.05299056878 0.0538417615 0.06006827279 0.07414965897 0.103014966 0.1565166323 0.2458699541 0.3796474133 0.5577652528 0.7658264454 0.9736000662 1.140665629 1.228774559
0.07445940827 0.1024305916 0.1528620144 0.2346956844 0.3535218257 0.5065144816 0.6784209392 0.841731987 0.9629293939 1.013446592 0.9805710869 0.8726269249 0.7155608082 0.5428378067 0.3840040613 0.2571719405 0.1676092757 0.1111059743 0.07905743168 0.06264626368 0.05503731021 0.05183639717 0.0540809633 0.06044332009
0.06982048337 0.09398471033 0.1393348033 0.216062316 0.3325224419 0.4899124636 0.6769184307 0.8676873221 1.026101423 1.116434246 1.116362036 1.025903157 0.8674105261 0.6766213447 0.4896444531 0.3323120834 0.2159161995 0.1392441117 0.09393410727 0.06979499954 0.05816282794 0.05308075557 0.05308555732 0.05817444361
0.9189242355 0.8620590029 0.7445839059 0.5937425278 0.4395770304 0.3054611363 0.2033161098 0.1342135932 0.09233582828 0.06947894263 0.05820264944 0.0531613631 0.05195509257 0.05528926756 0.06309649864 0.07967879911 0.1115557889 0.166848444 0.2530057886 0.3727939341 0.5197575438 0.6756819366 0.8127196341 0.9009571479
0.07340797505 0.0597209895 0.05369477979 0.05314666728 0.05839531298 0.07050002604 0.09581454634 0.1437095438 0.225426707 0.3505654485 0.5213178128 0.7264257121 0.9385007874 1.118137056 1.225242807 1.233476605 1.140744943 0.9700643306 0.7603046135 0.551883054 0.3745576756 0.2420935098 0.1540554793 0.1015879978
1.001357968 0.9907623453 0.9014268621 0.7552550826 0.5846586 0.4209696196 0.2855762952 0.1869166566 0.1228303571 0.08545684169 0.06579861851 0.05644272556 0.05240464853 0.05311117459 0.05815106469 0.06954500353 0.09289321721 0.1361535039 0.2083757644 0.3164624143 0.4603124057 0.6282621852 0.7958755883 0.9305204541
0.3758984658 0.5461990589 0.741450367 0.9318557323 1.07935583 1.149676565 1.125216367 1.012184194 0.8380468296 0.640714034 0.4552602488 0.3044615571 0.1962317943 0.1269117854 0.08702332614 0.06631133199 0.05657710654 0.05242723476 0.05407193801 0.06054838678 0.07500934909 0.1042687962 0.1577778317 0.2459025779
0.1262137622 0.08737707511 0.0667767828 0.05689197201 0.05259125279 0.05283232816 0.0574751142 0.06805608326 0.08991725978 0.1307661439 0.1995648126 0.3034900804 0.4432094646 0.6082367346 0.775344489 0.9125845504 0.9888376337 0.9852134849 0.9026336839 0.7614521015 0.5933257684 0.4297575302 0.292931561 0.1922305677
0.3644096561 0.240752673 0.1559197252 0.103828777 0.0750370776 0.06065820856 0.05415256317 0.05200095661 0.05547239816 0.06369774761 0.08137993844 0.1157940271 0.1762560817 0.2717428374 0.4064333631 0.5743708635 0.7560414715 0.9200682594 1.031313775 1.062963788 1.006998817 0.8774853935 0.7048483347 0.5242993986
0.1136009201 0.169569076 0.2557338734 0.3739844664 0.5169539236 0.6659639915 0.793649133 0.8716980995 0.8809749736 0.8191216945 0.7015288243 0.5551305814 0.4084306545 0.2827759371 0.1883574273 0.1252659117 0.0874736185 0.06707593101 0.05712155129 0.05271829306 0.05209969422 0.05562581837 0.06379579765 0.0809627395
0.1818455199 0.2844101251 0.431433481 0.6180580409 0.8242800464 1.015906032 1.152816219 1.202398982 1.152133093 1.014709766 0.8228420836 0.6166518432 0.4302535733 0.2835402589 0.1812748911 0.1175356417 0.08179917479 0.06370345649 0.05540475305 0.05196554169 0.05544171724 0.0637886307 0.08197700347 0.1178712492
0.5012576012 0.3467609164 0.2286159889 0.148393275 0.09960688479 0.07289021913 0.05966694838 0.05373645972 0.05216265719 0.05586768203 0.06457058254 0.08311453899 0.1188798143 0.1811283743 0.2784719252 0.4143346371 0.5817402515 0.7602807867 0.9183444904 1.021595499 1.044970927 0.9825384399 0.8499347252 0.6780204889
0.1653708441 0.1089392277 0.07755778248 0.06179276242 0.05461868439 0.05197339276 0.05542530615 0.06365106159 0.0814369248 0.1162590405 0.1778149586 0.2756574519 0.4146272583 0.5892374412 0.7798647707 0.9541411163 1.07508881 1.113697702 1.060197769 0.9280637419 0.7485172551 0.5585804813 0.388901658 0.256689852
0.4663587409 0.6242701198 0.7749302261 0.8875440391 0.935626394 0.9070869956 0.8091554523 0.6654148627 0.5066008348 0.3600536704 0.2426941401 0.15960531 0.1070592602 0.07718642696 0.06185521914 0.05473149618 0.05172829891 0.05367120557 0.05941319487 0.07209005774 0.09744474393 0.1432633087 0.2177895798 0.3262807387
0.8714340595 1.009383916 1.075518775 1.053289469 0.9483391914 0.7861831882 0.6021574029 0.4290280561 0.2881284434 0.1869249663 0.1220585415 0.08470721359 0.0652997905 0.05617280666 0.0522793516 0.05377320717 0.05978018976 0.07320146269 0.1003749821 0.1501027251 0.2320574061 0.3530416045 0.5116657092 0.6937013713
0.051464741 0.05370113569 0.05941858743 0.07193653332 0.09676077211 0.1412277168 0.2128933646 0.3162020756 0.4481538648 0.5950318599 0.7328484047 0.8329935124 0.8717192926 0.8392603011 0.7438226758 0.6082235771 0.4610544144 0.3270268817 0.2208739918 0.1464631572 0.09984004609 0.07356822377 0.06020015393 0.05404034132
0.9429664016 0.7431796263 0.5424792268 0.3702296185 0.2405752661 0.1538013562 0.1017453079 0.07360860784 0.059858282 0.05376758926 0.05282805944 0.05758680337 0.06862775772 0.09185947607 0.1360911383 0.2120520645 0.3291786106 0.4901910111 0.6852309557 0.8889838345 1.064161191 1.171997365 1.18607798 1.102824306
0.05176078322 0.05482226774 0.06208726946 0.0777291492 0.1082205549 0.1618787463 0.2467661089 0.3667265419 0.5166057386 0.6791397829 0.8263823894 0.9268709017 0.9564150269 0.9075313189 0.7925134746 0.6384236824 0.476783286 0.3333062256 0.2221219621 0.1457079278 0.09870695669 0.07268639716 0.05967100309 0.05377319256
0.05838729052 0.0703786044 0.09531673844 0.1422304458 0.221799314 0.3428869342 0.5069935038 0.7026066732 0.9029517196 1.070302248 1.16702963 1.169262615 1.076433359 0.9115112914 0.7117937251 0.5152814853 0.3493921111 0.226317894 0.1450350663 0.09688164364 0.07116670382 0.05874651592 0.05330786978 0.05315936927
0.7880986286 0.6297397429 0.4667572891 0.3241983204 0.2151116933 0.1409960055 0.09589847752 0.07118876708 0.05895250454 0.05346190278 0.05198269428 0.05538188055 0.06337038186 0.08040080072 0.1132641516 0.1704929982 0.260037765 0.3850922785 0.5392861344 0.703872168 0.8497500033 0.9452557201 0.9672155604 0.9100568882
0.05719082625 0.05269019065 0.05329718394 0.05865875445 0.07081129601 0.0957798414 0.1421681557 0.2198317817 0.3364102057 0.4920683968 0.6744848447 0.8573945113 1.005390983 1.084684489 1.075572092 0.9803704441 0.8224619065 0.6369886362 0.4582383224 0.3098539381 0.2013827154 0.1307150897 0.08938806374 0.06759162613
0.7126964394 0.8146963182 0.8575972223 0.8306063669 0.7405590436 0.6091148159 0.4643168912 0.3309931502 0.2244175906 0.1490869105 0.10151975 0.0745167367 0.06067783076 0.05425632575 0.05155280936 0.0533936017 0.05869064746 0.07036924125 0.09369472666 0.1357856522 0.2041458164 0.3035013538 0.4315577501 0.5756198166
0.7088728299 0.890190495 1.030585314 1.097428678 1.073988293 0.966214115 0.8002921799 0.6123352615 0.4357373297 0.292169518 0.1891485677 0.1231761337 0.08522018501 0.06551476714 0.05625504368 0.05230805889 0.05388440648 0.06006118631 0.07385092186 0.1017478848 0.1527570177 0.2367505266 0.3606301702 0.5228864705
0.1902728584 0.1256024263 0.08729316787 0.06683659532 0.05695681935 0.05263086543 0.05251614082 0.05667929823 0.06622774524 0.08608419183 0.1234357002 0.1867820007 0.2831750721 0.413803391 0.5694967331 0.7289383718 0.8620996878 0.9390369015 0.9407620115 0.8668363239 0.7355511324 0.5765942565 0.4202063287 0.2882006901
0.7588238451 0.5540861969 0.3780973692 0.2454484116 0.1565597021 0.1031722829 0.07428337629 0.06014995901 0.05388285312 0.05284980836 0.05765262291 0.06880773189 0.09230522343 0.137092953 0.2140980778 0.332979795 0.4966206677 0.6951395403 0.9029036246 1.081995289 1.192843927 1.208317427 1.124483402 0.9622277672
0.2111095699 0.3215605333 0.4689318913 0.6414957762 0.8143483427 0.9539875806 1.02850952 1.019391264 0.9289508763 0.7793929487 0.6039747535 0.4350790049 0.2949859419 0.1926474269 0.126018304 0.08707693838 0.06655087693 0.05676191348 0.05252842261 0.05313593171 0.0582310385 0.06977307105 0.09347354699 0.1374797391
0.07806451035 0.1094921547 0.1654232722 0.2549550019 0.3830850317 0.5454309872 0.7244389942 0.8902985862 1.00819974 1.050022843 1.005202053 0.8850491326 0.7181289139 0.5392602797 0.3779073169 0.2511378071 0.162919194 0.1080194068 0.07728413898 0.06174298963 0.05462571166 0.05173156786 0.05478792543 0.06211676529
0.2973579153 0.1982643418 0.1313352997 0.09083691102 0.06876541405 0.05789214172 0.05303782711 0.05193443056 0.05522672085 0.06292518962 0.07925337614 0.1105963579 0.1648810788 0.2493342577 0.3665532933 0.510090414 0.6620275737 0.7951269098 0.8802730907 0.8967264618 0.8403086909 0.7251213439 0.5778352308 0.4276994615
0.08351156811 0.06458022747 0.05580584324 0.0521159128 0.05473597474 0.06211573651 0.07836754277 0.1107890102 0.1692229547 0.2640060965 0.4015797599 0.5786315021 0.7774676251 0.9662326338 1.106158983 1.164254235 1.12589712 1.00079886 0.8190206724 0.6192707005 0.4356835405 0.2891524494 0.1857219269 0.1204947308
0.3097108995 0.4501135388 0.6141671212 0.7780542706 0.9099064176 0.979544278 0.9696454551 0.8827262042 0.7401055007 0.5734319185 0.4133593754 0.2808575032 0.1842403492 0.1214420006 0.08479810527 0.06551275889 0.05632927466 0.05236347111 0.05302337708 0.05792495226 0.06901220322 0.09174454168 0.1338877221 0.2042867252
1.150988607 1.227393394 1.202369672 1.082270462 0.896304473 0.6850255914 0.4861011923 0.3241036228 0.2076789551 0.1330164476 0.09000239676 0.06764165549 0.05712072338 0.05263051237 0.05431146802 0.0611801952 0.07653414258 0.1076357814 0.1645805145 0.2584782755 0.3971700874 0.5791213035 0.788073566 0.9922703172
0.06132287851 0.05445780505 0.05168967082 0.05466954229 0.06181076357 0.07734091804 0.1079268172 0.162325328 0.2493458409 0.3737934942 0.5313494869 0.7049141336 0.8655294869 0.9794508501 1.019492927 0.9755381316 0.8586776543 0.6966779081 0.5232951585 0.3670352513 0.2443634067 0.159056839 0.1060044793 0.07632231478
1.079755436 0.9397253284 0.7535731713 0.5592066211 0.3872952839 0.25448335 0.1634585134 0.1076166073 0.07677871483 0.06139103625 0.0544347403 0.0521742643 0.05594189916 0.06486174052 0.08402087868 0.1212775616 0.1866757915 0.2898622015 0.4352684886 0.6163652754 0.812010933 0.9883335445 1.107510619 1.140796379
0.05932821393 0.07183983701 0.09679847952 0.1417794708 0.2147368703 0.3206247592 0.4568887661 0.6099062648 0.7551579546 0.8628098303 0.9074779101 0.8779200296 0.7816195356 0.6417164631 0.4879993515 0.3467322416 0.2339871374 0.1544098913 0.104228461 0.07577771218 0.06121483575 0.05446552905 0.05162736277 0.05364652384
0.06327891648 0.0805231721 0.1142137667 0.1736397398 0.2678810573 0.4014085474 0.5687243357 0.750797237 0.9165220005 1.03061439 1.065660086 1.012786439 0.8853009951 0.7132656227 0.5320181964 0.3706054004 0.2451684841 0.1587376643 0.105447474 0.07587706326 0.06105298715 0.05432091573 0.05192673929 0.05528721619
0.8220316349 0.7072282615 0.5620693947 0.415151311 0.2883133458 0.1923492947 0.1278204486 0.08893709938 0.0678305573 0.05747304666 0.05286656587 0.05197670923 0.05532249185 0.06311652149 0.07958378925 0.1110689399 0.1653767807 0.2495023005 0.3657249148 0.5073000584 0.6562128165 0.7854961888 0.8667087238 0.8800140002
0.06557449923 0.05624906913 0.05229481681 0.05431274996 0.06111718815 0.07622811542 0.1066331441 0.1619194881 0.2524287586 0.3850967105 0.5576911261 0.7539801854 0.9434140007 1.087711257 1.153142856 1.123293357 1.005732999 0.8289080217 0.6309880863 0.446624678 0.2978127767 0.1917095472 0.1241661921 0.08552583623
0.9146011718 0.9878690128 0.9811078958 0.896036865 0.753574386 0.585503371 0.4230317973 0.2878268873 0.1887738083 0.1241114851 0.08622388122 0.06620450996 0.05663450121 0.05248606288 0.05293617672 0.05772314174 0.06859247793 0.09096490939 0.1326072527 0.2024599644 0.3075282664 0.4481305009 0.6133229586 0.7794926288
0.3547917527 0.5265815616 0.7320288024 0.9433047653 1.120848521 1.224864786 1.229720668 1.13418138 0.961918773 0.7520076153 0.5446055048 0.3689389233 0.2382294428 0.1516714564 0.1002622573 0.07274135763 0.05941720971 0.05356910687 0.05324608305 0.0586358466 0.0710272107 0.09685866053 0.1455717479 0.2284023792
0.08390888351 0.06502682181 0.05609469867 0.05226239689 0.05331776929 0.05864511394 0.07061705916 0.09500017139 0.1398944901 0.2143551944 0.3250206163 0.4711904567 0.6403685988 0.807354887 0.939215593 1.00553404 0.9897594709 0.8958993964 0.7468706504 0.5754326891 0.4125880263 0.2790030588 0.1823733511 0.1200311567
0.3402184291 0.2214936636 0.1427475882 0.09590802686 0.07079725822 0.05862293272 0.05327216628 0.05289164584 0.05770253092 0.06877816957 0.09189908301 0.1355632425 0.2099194939 0.3235564973 0.4782763736 0.6636668377 0.8547716118 1.015926535 1.111077245 1.116795955 1.031628536 0.8766933517 0.6871961898 0.4995037831
0.07902471258 0.110371634 0.1649289364 0.2502429804 0.3693130508 0.5160231516 0.6724862628 0.8109979837 0.9014687152 0.9219374691 0.8672095646 0.7509918952 0.6003310386 0.4454271401 0.3100401427 0.2065113266 0.1362149547 0.09346612181 0.07005629161 0.05846996924 0.05327374228 0.05189566527 0.0551431867 0.06277127864
0.2148083603 0.3331193096 0.4951344407 0.690537205 0.8935852517 1.066822275 1.171740965 1.182586979 1.096603068 0.9351643168 0.7351682783 0.53540255 0.3647301248 0.2367695316 0.1514390566 0.1004238297 0.07294023748 0.05955193695 0.05364012619 0.05291742573 0.05780427894 0.06910720726 0.09281471927 0.1378052415
0.6298934324 0.4683079426 0.326169356 0.2168730941 0.1422844663 0.09670919125 0.07163752312 0.0591736929 0.05355969105 0.05188323284 0.05512955994 0.06278755912 0.07917606086 0.110925221 0.1664391496 0.2536724993 0.3760597684 0.5277420774 0.6906505853 0.8362857703 0.9332244037 0.958015286 0.9043714247 0.7857524632
0.1917172243 0.1249882002 0.08631572168 0.06609636762 0.05652968966 0.05242431281 0.05354026871 0.05922657092 0.07200776176 0.09804441216 0.145993394 0.2255380481 0.3437870435 0.5000134227 0.6808843466 0.859478823 1.000588786 1.071671636 1.05498931 0.9547800231 0.7955143708 0.6122124918 0.4380399301 0.2951228516
0.5918598 0.7308140879 0.832891523 0.8739599504 0.8436738479 0.7496961643 0.6145577469 0.4669065367 0.3317737252 0.2242985353 0.1486775679 0.1011298586 0.0742472339 0.06052401036 0.05418053427 0.05151989562 0.0535965534 0.05917860057 0.07143867228 0.09583009476 0.1396675037 0.2105649912 0.3131468015 0.4447087791
0.9501941479 1.074068247 1.116235333 1.066035063 0.9361266058 0.7573173524 0.5667307468 0.3954981694 0.2614261264 0.1684139887 0.1106986208 0.07847646601 0.06222713802 0.05480501771 0.05189949905 0.05523983054 0.06322899521 0.08056806377 0.1146458215 0.1751251011 0.2716561978 0.4093740987 0.5832675066 0.7742273568
0.05497750665 0.05182713637 0.05346552907 0.05892969536 0.07105887636 0.09545327719 0.1397897297 0.2123377723 0.3186234699 0.4568176468 0.6138804883 0.7653289572 0.8805312929 0.9325466083 0.9083230101 0.8140034429 0.6724025042 0.5140649868 0.36667788 0.2477826131 0.1630550452 0.1091457087 0.0783196569 0.06241035461
1.007008015 0.8129025048 0.6066137908 0.4216809811 0.2771528398 0.1770566669 0.1150441437 0.08047546904 0.06306844915 0.05512895821 0.05208915114 0.05575549859 0.06451200766 0.08348910192 0.1207311889 0.1867256104 0.2918912947 0.441671582 0.630437337 0.8372634246 1.027273819 1.160309125 1.204524116 1.148736531
0.056069718 0.06502149949 0.08402432474 0.1205337864 0.1838247181 0.2823843788 0.4193252329 0.5872080168 0.7651669643 0.9213725211 1.021698944 1.041724533 0.9763643601 0.8419615095 0.6696661413 0.493754647 0.3408436033 0.2244647027 0.1457827028 0.09812802678 0.07213301003 0.05931567567 0.05358855572 0.05224468393
0.05269932087 0.05728439046 0.06799133441 0.0906691402 0.1341391385 0.209317171 0.326095016 0.4879111499 0.6856892895 0.8945692032 1.076968312 1.192905441 1.214112662 1.135203488 0.975888744 0.7729993103 0.5667118444 0.3879795368 0.2523316629 0.1608584369 0.1055910794 0.075513669 0.06071697413 0.05412005396
0.7828846572 0.608503906 0.4395365875 0.2986576076 0.1952736009 0.1276789074 0.08801464767 0.06702669225 0.05697976916 0.05261868516 0.05300587039 0.05791626748 0.06908104369 0.09209352027 0.1349884332 0.2070492457 0.3156093397 0.4611329498 0.6324419966 0.8051870517 0.9461647211 1.023313186 1.017495215 0.9301901422
0.05222661473 0.05404940112 0.06045325385 0.07469696873 0.1034031976 0.155687184 0.2414294922 0.3673414656 0.5314777851 0.7185857879 0.8997075604 1.038355719 1.102176341 1.075168468 0.9641835513 0.7961102756 0.6073193153 0.4310102193 0.2883969026 0.1865199272 0.1215521921 0.0843226881 0.06506853736 0.05605469626
0.7343841578 0.8645852476 0.9373696861 0.9347164284 0.857300182 0.7242135313 0.5653370104 0.410509454 0.2808200009 0.1852575989 0.1225406368 0.08560676434 0.06599613686 0.05657702008 0.05247499702 0.05265146625 0.05700389456 0.06693263506 0.08746631275 0.1258732723 0.1906268117 0.288549715 0.4203574872 0.5762532737
0.5009947936 0.6836361124 0.8647788897 1.008895038 1.082841856 1.068188162 0.9686576844 0.8085965031 0.623323068 0.4465696291 0.3010561943 0.1954634512 0.1271379846 0.08743812965 0.06662996963 0.05676083322 0.05251559339 0.05349440736 0.0591268673 0.07181731977 0.09773231655 0.1455773716 0.22515765 0.3437883642
0.1476109899 0.1006073489 0.07401374598 0.06042888053 0.05414521373 0.05150795235 0.05351973465 0.05898790757 0.07100577582 0.09493143727 0.1379616467 0.2076042214 0.3084483693 0.437892339 0.5828194416 0.7198543463 0.8207475473 0.8616623076 0.8322941108 0.7400748481 0.6071264684 0.461663953 0.328396226 0.2223119126
0.5196088182 0.3530412608 0.228977625 0.1467446978 0.09786158305 0.07167097255 0.0589805141 0.05340608477 0.05304625203 0.05811013471 0.0697615843 0.09407039115 0.1399504845 0.2180318328 0.3372837601 0.499533482 0.693790357 0.8938365753 1.062287046 1.161425785 1.166834221 1.077137091 0.9145688166 0.7160428612
0.1665953999 0.2543537854 0.3778048782 0.5312598078 0.6966588561 0.845247516 0.94507797 0.9720423535 0.9193053016 0.8001104939 0.642392579 0.4781790687 0.333251822 0.2214949936 0.1450301985 0.09819514386 0.07237053554 0.05950344219 0.05369502131 0.05186701108 0.05509554789 0.06272818085 0.07909867687 0.1108851809
0.1241110464 0.1913365597 0.2966934061 0.4440869218 0.626179708 0.8210017267 0.9942439216 1.108387008 1.13576605 1.069434838 0.9260202377 0.738969923 0.5459271012 0.3767133467 0.2469914452 0.1587074507 0.1049038389 0.07537917892 0.06073702287 0.0541573984 0.0523105279 0.05627996128 0.06562191142 0.08556663926
0.3439255246 0.2317276456 0.1528338638 0.1032577436 0.07524415433 0.06095141777 0.05434821812 0.05158009701 0.05378073341 0.05964398372 0.07251481263 0.09810737501 0.1440776454 0.2183808408 0.3258229271 0.4635228459 0.6174140801 0.7625775962 0.869022202 0.9115701441 0.8795012839 0.7809285731 0.6394734804 0.4850959686
0.1345786396 0.09087141928 0.06807632741 0.05731698447 0.05271072538 0.05416117282 0.06082124242 0.07575549818 0.1061040532 0.1618536026 0.2540972582 0.3908441304 0.5709618538 0.7787649622 0.9830405087 1.143314153 1.222521719 1.200875321 1.08387281 0.9000361698 0.6896452117 0.4905268216 0.3276751489 0.2101891611
0.3663237788 0.5228172345 0.6968241281 0.8598611778 0.9780393794 1.023315601 0.984270034 0.8707721458 0.7099397003 0.5356432491 0.3770859671 0.2516220025 0.1637484246 0.1087332878 0.07775586015 0.06200484406 0.05475214639 0.05172168841 0.05441492828 0.06122784424 0.07613367947 0.1056719197 0.1585433672 0.2436876086
1.167457797 1.134322247 1.012979545 0.8327214057 0.6322758998 0.4464440235 0.2970394945 0.1908907108 0.1235410432 0.08513246861 0.0653609828 0.05614696578 0.05225130348 0.05449891264 0.06156614918 0.07721456988 0.108606477 0.1655104327 0.2583666752 0.3940065949 0.5698005441 0.7688497846 0.9598525558 1.103987225
0.06595780859 0.05653286972 0.05244774515 0.05289730199 0.05762015752 0.06834279818 0.09041091488 0.1314822913 0.2003693209 0.3039725031 0.4425957696 0.6054385095 0.7692134719 0.9023365179 0.9744764094 0.9677238666 0.8837957446 0.7433280614 0.5776541238 0.4175287781 0.284295971 0.1867003873 0.1229971871 0.08567581974
1.053851063 1.005623658 0.8825991409 0.7139211121 0.5345386834 0.3736472241 0.247854883 0.1607014004 0.106687971 0.07656807967 0.06139622126 0.05447396968 0.05181013714 0.05498828921 0.06258123359 0.07904198407 0.1113565307 0.1686388046 0.2599540154 0.3900580523 0.5540961681 0.7339198125 0.8992360645 1.015124029
0.06349591224 0.08039501779 0.1126518664 0.168194449 0.2540758447 0.3724909859 0.5164176893 0.6673961279 0.7979701129 0.8793465528 0.8916262996 0.8316890129 0.714477336 0.5669610143 0.4181008909 0.289887379 0.1930801495 0.1281057177 0.08902273674 0.06784366561 0.05746761439 0.05286029711 0.05203984092 0.05548445584
0.07370263843 0.101778834 0.1535235831 0.2394339347 0.3672544485 0.5362830316 0.7321846868 0.9258833539 1.079252745 1.156953176 1.139602078 1.031607912 0.8593560793 0.6607629318 0.4718297105 0.3166447968 0.204262554 0.1316806861 0.08958308982 0.06755623808 0.05712663781 0.05264770361 0.05380785068 0.05993053331
0.9794168299 0.9035366604 0.7674064578 0.6018738795 0.4385490504 0.3003705945 0.1976563892 0.1296989542 0.08937172629 0.06780113716 0.05736618278 0.05278977188 0.0525794332 0.05685738398 0.06668491913 0.0871553366 0.1257268251 0.1912569267 0.2911577442 0.426811482 0.5888631654 0.7552844743 0.8948538833 0.9762545211
0.07385633414 0.06009229135 0.05390757485 0.05217401435 0.05590864523 0.0646975477 0.08346056715 0.1197193249 0.1829549474 0.2820530539 0.4206820269 0.5919350309 0.775144198 0.9380409305 1.045343639 1.071044247 1.008622317 0.8737244623 0.6978102969 0.5162782796 0.3571665923 0.2351971201 0.1521941259 0.1016118105
0.8660163616 0.8688820404 0.8020994677 0.6822089963 0.5363820256 0.39247259 0.2707016471 0.1801717627 0.120268301 0.08471631139 0.06569781304 0.05649645128 0.0524606207 0.05227000933 0.05603537297 0.06468628798 0.08270780666 0.1166687417 0.1743725535 0.2623529501 0.3818360013 0.5245917231 0.6712240685 0.794231148
0.4621009364 0.6460810879 0.8391118037 1.006099722 1.110228074 1.126036152 1.049507094 0.8997210053 0.7111473832 0.5208164924 0.3568573335 0.2330428639 0.1499310733 0.09993209147 0.07283444282 0.05955724094 0.05366105376 0.05260478666 0.05700412219 0.06723720012 0.08882497529 0.1300363194 0.2010060976 0.3107554023
0.09786207903 0.07236443823 0.05956435933 0.05374356371 0.05162281305 0.05445867502 0.0612117809 0.0758032756 0.1043508742 0.1547778985 0.2348690835 0.3485316268 0.4912125557 0.6468110194 0.7888516693 0.8871612929 0.918145416 0.8739621614 0.7657370767 0.6190248297 0.4640381653 0.3257280747 0.2180556262 0.1437468277
0.5216126098 0.3506152842 0.2253751932 0.1436389903 0.09575902236 0.07046577562 0.05837743629 0.05313852444 0.05372437108 0.05979434301 0.07357377473 0.1019295314 0.1546962517 0.2431876319 0.3762563395 0.5542780389 0.7633663289 0.9736057182 1.144440296 1.236940619 1.228141258 1.120279465 0.9398739141 0.7271598728
0.09877731274 0.1464272579 0.2244669697 0.3389070068 0.4878591072 0.6573543613 0.8210479332 0.9458845677 1.002695665 0.9772306477 0.8759482208 0.7233631125 0.552431982 0.3931126155 0.2644507415 0.1726732504 0.1142249313 0.08077434943 0.06349601546 0.05541693606 0.05198990942 0.05371074203 0.05956859877 0.07258225874
0.1550197706 0.2398141962 0.363991412 0.5253771529 0.7087039929 0.8853601269 1.019591151 1.079994723 1.051412047 0.9410910448 0.775709489 0.5909224169 0.4190104058 0.2803953457 0.1816558756 0.1188554379 0.08295851983 0.06443871718 0.05578923228 0.05212444159 0.05405840253 0.06045410658 0.07464621214 0.1031795791
0.4469823903 0.3154805623 0.212489638 0.1410227743 0.09666657421 0.07189743415 0.05940398639 0.05369625743 0.051455008 0.05401442717 0.06013708854 0.07342795339 0.09955493593 0.1459336441 0.219975536 0.3256343587 0.4590832915 0.6056759304 0.7408167906 0.8360236971 0.8685398909 0.8301453326 0.7305227293 0.5933018842
0.1593245499 0.1048644179 0.07519969649 0.06059330066 0.05407566747 0.05262304489 0.05708404237 0.06751007608 0.08961196349 0.1320155428 0.2054166029 0.3195442769 0.4778526973 0.6715697761 0.876450712 1.055716287 1.170122352 1.191791746 1.115221173 0.9595448861 0.7607877562 0.558378523 0.3827866586 0.2493774674
0.5020043473 0.6639040275 0.8131146805 0.9181816252 0.9539883353 0.9114826169 0.8013835208 0.6498024958 0.4882140793 0.3430190392 0.2293233356 0.1504405849 0.1014888405 0.07415730299 0.06037325937 0.05407674439 0.05160920746 0.05443933855 0.06120871817 0.07590151031 0.1047804609 0.1560370731 0.2378543415 0.3545903895
0.864099264 1.051056042 1.176602927 1.210418957 1.143931706 0.9938371341 0.795307284 0.5886480928 0.4062922231 0.2656944718 0.1695096958 0.110603642 0.07812715206 0.06194769847 0.05464487683 0.05235268396 0.05642039167 0.06603581024 0.0866565637 0.1266909376 0.19684792 0.3073493095 0.4627714684 0.6559374409
0.0530911444 0.05258002666 0.0568895525 0.06683795294 0.08766335678 0.1271045863 0.1944683973 0.2977404679 0.4388235016 0.6085210121 0.7842737132 0.9335027396 1.022947207 1.03062307 0.9545787723 0.8136988437 0.6401050474 0.4673188303 0.3201083988 0.2100072461 0.1367506363 0.0930464302 0.06954938366 0.05812569383
0.7867003411 0.5944142788 0.4182134085 0.2779298194 0.1791320806 0.1169574039 0.08177565559 0.06380136011 0.05548631466 0.05199604805 0.05464678705 0.06186727569 0.07773835801 0.1093392321 0.1661808499 0.2581894092 0.391439822 0.5625086089 0.7540761191 0.935257304 1.068710725 1.122910989 1.084208169 0.9623966665
0.05305369124 0.0579517959 0.06895120283 0.0913370796 0.1325228575 0.2007787641 0.3021375662 0.4358925453 0.5905385552 0.7429763604 0.8630956135 0.923164905 0.9081878882 0.8219691503 0.6855488909 0.528883022 0.3802488929 0.258441772 0.1704091796 0.1136598914 0.08080375395 0.06364183689 0.05552934279 0.05205118878
0.05469016127 0.06195430995 0.07788641603 0.1095377405 0.1663384975 0.2580587606 0.3905493216 0.5601589229 0.7494592369 0.9277094778 1.058023418 1.109551109 1.069306174 0.9474677557 0.7732101441 0.5833860084 0.4100395288 0.2724283836 0.1757655464 0.1150825579 0.08082471007 0.06336179617 0.05530105292 0.05192482341
0.8403817345 0.7038060628 0.5449854662 0.3929789024 0.2675072915 0.1762442743 0.117062697 0.08260481911 0.06450821662 0.05590850656 0.05220228169 0.05293929179 0.05769034514 0.0684153686 0.09035956299 0.1309550509 0.1986185093 0.2997084887 0.4339946445 0.5904412425 0.7461506857 0.8707095411 0.9355379233 0.9244929292
0.05466118946 0.05239432757 0.05653004826 0.06629973983 0.08723714785 0.127858064 0.198991759 0.3109470251 0.4682865571 0.6636587352 0.8739699797 1.062575261 1.188871413 1.222339845 1.154495156 1.00236968 0.8015861368 0.592854468 0.4088554345 0.2671136326 0.1702225999 0.1109279537 0.07826041431 0.06199697939
0.9255943182 1.012161332 1.017663408 0.9407015206 0.8003631951 0.6285518809 0.4582672568 0.3136806416 0.205863132 0.1343218266 0.09175111399 0.06892028116 0.05784726933 0.05297879754 0.05261266264 0.05696167501 0.06697757323 0.0878938676 0.1274094017 0.1947271278 0.2976495998 0.437843729 0.6059136939 0.7792718091
0.7219913173 0.9215904652 1.084648267 1.174098723 1.167757594 1.067237261 0.8972827121 0.6959008945 0.5006453379 0.3377632527 0.2181772476 0.1399560968 0.09403778031 0.06973111797 0.05809113453 0.05303667704 0.05345864177 0.05911176999 0.07197006642 0.09848321905 0.1479226096 0.2310114164 0.3562389379 0.524183358
0.2084035813 0.1367721559 0.09350380415 0.06996206829 0.05838330553 0.05322222979 0.05212112767 0.05572289799 0.06413177308 0.08193807688 0.1160620922 0.1750625675 0.266687477 0.3936147046 0.5487020154 0.7124330038 0.8553307005 0.9460618846 0.9625007049 0.9004717028 0.7754675366 0.6163795361 0.4546956898 0.3146555831
0.6538124113 0.4729223381 0.3211132038 0.2090640986 0.1354132257 0.09197681993 0.06888101771 0.05777271458 0.05292854227 0.05304998596 0.05806649 0.0695255292 0.09325661024 0.1377068692 0.2127594406 0.3264332148 0.4797003581 0.6613257112 0.8459963267 0.9985951954 1.084623248 1.082797078 0.9935810788 0.8389961828
0.1974184784 0.2940502075 0.4197752959 0.5627764378 0.7008032065 0.8059668684 0.8536876521 0.8319937549 0.7463871185 0.617583326 0.4733894026 0.3390558705 0.2306155173 0.1532903574 0.1040624791 0.07589784267 0.06135436039 0.05455609969 0.05167322835 0.05313969506 0.05809389282 0.06909672461 0.09123744758 0.1314997211
0.1007627865 0.1524950966 0.2394053227 0.3703411465 0.545866452 0.7525030002 0.9608840456 1.1309596 1.224051872 1.21706908 1.111786738 0.9341164783 0.7237722637 0.5199462929 0.3499955295 0.225272101 0.1437221532 0.0958673003 0.07054449897 0.05842208044 0.0531599097 0.05362460996 0.05954606857 0.07301014066
0.261830564 0.1706609557 0.1129037237 0.08001355257 0.06310659585 0.05523834223 0.05191614903 0.05393978874 0.06011617496 0.07377339385 0.101132555 0.1506549778 0.2313445369 0.3490233836 0.50127085 0.6733053668 0.8379450051 0.9616379641 1.015340115 0.9855559393 0.8798328483 0.7236633787 0.5505260801 0.3903626839
0.1006000042 0.07314178708 0.05968667413 0.05371094007 0.05263529576 0.05708674159 0.06744196 0.08928940312 0.1310003752 0.2028375565 0.3139396257 0.4671675915 0.6534592983 0.8489449574 1.018093249 1.123616009 1.139713224 1.062294598 0.9106628799 0.7197160094 0.5269575687 0.3608853549 0.2354608467 0.1512594743
0.2290922298 0.3399815637 0.4797298144 0.6328436107 0.7735025222 0.8719767133 0.9046935651 0.8633787267 0.758445817 0.6147443912 0.4620298381 0.3251293136 0.2181421191 0.1440475797 0.09814488867 0.07255714881 0.05967274364 0.05379617834 0.05154694704 0.0542616753 0.06074525492 0.0747961666 0.1023701507 0.1512312397
1.010333698 1.059376517 1.020992063 0.9048887835 0.7388664172 0.5580329291 0.3929100136 0.2618360782 0.1697708532 0.1119774658 0.07935269217 0.06272311703 0.05504743295 0.05183264797 0.05447035414 0.06139353273 0.07657702317 0.1067395282 0.160865536 0.2482617145 0.3744984366 0.5360912637 0.7164299064 0.8862239376
0.05835465244 0.05323723632 0.05177000378 0.05481424508 0.06198432703 0.07730426953 0.1069349481 0.1586572605 0.2397885588 0.3533980328 0.4939018434 0.644418875 0.7785002246 0.867143337 0.8888769337 0.8381878164 0.7277860673 0.5834417617 0.4342490857 0.3033203786 0.2028476866 0.1344071169 0.09266096918 0.06973394099
1.127093857 0.9945776035 0.8081466052 0.6069294714 0.4244369176 0.280403238 0.1797567472 0.1168810029 0.08155055911 0.06362206026 0.05538282165 0.05194674308 0.0551987379 0.06319789151 0.08066497677 0.115209697 0.1769150659 0.2760714041 0.4185611376 0.5999268229 0.8009857934 0.9886204138 1.123692018 1.174089546
0.05835069359 0.06991302162 0.09345935101 0.1368082026 0.2086973763 0.3155279143 0.4566137658 0.6198826381 0.7810048017 0.9081960057 0.9721131244 0.9568038872 0.866157542 0.7223045936 0.5568618619 0.3997394362 0.2708671117 0.1776582698 0.1175302428 0.08269483298 0.06448743136 0.05587536855 0.05218077215 0.05320508379
0.06093154378 0.0757389197 0.1054664775 0.1593962194 0.247471987 0.3762421974 0.5432944473 0.7326589295 0.9146349351 1.052289633 1.113371833 1.082543893 0.9676210073 0.7963621855 0.6056065586 0.4285441636 0.2860463019 0.1847129365 0.1203643791 0.08363782229 0.06471751002 0.05589348609 0.05215993977 0.0542491703
0.8874253875 0.7753728174 0.625053017 0.4672400135 0.3270738061 0.2183978127 0.1436718024 0.09768840119 0.07222020719 0.0594757785 0.0536983938 0.05171124249 0.05468832588 0.06175588912 0.07697892408 0.1066663483 0.1589324529 0.2416552826 0.3586140977 0.5048227535 0.6634795074 0.8073373801 0.9056776351 0.9348352674
0.06095335743 0.0542263991 0.05254503679 0.05689327007 0.0670878718 0.08876877827 0.1305021926 0.2029906038 0.3161051397 0.4736168464 0.6671981819 0.873014541 1.054434993 1.171934791 1.196950967 1.123132984 0.9689538272 0.7702201927 0.5666165932 0.3891586236 0.2537834136 0.1620640352 0.106402082 0.07598097652
1.004979505 1.049762638 1.007924343 0.8900342083 0.7242084471 0.5452481508 0.3829530447 0.2548682106 0.1653712541 0.1094637245 0.07805033529 0.06211031563 0.05478524659 0.05173055194 0.05462589295 0.06174313022 0.07728372293 0.1080169427 0.1629113249 0.2511183157 0.3778666158 0.5391862353 0.7180096158 0.8848773038
0.2956979062 0.4460394414 0.6342609733 0.8388724187 1.024850731 1.152556684 1.191287831 1.131237008 0.9875146717 0.7939893162 0.5903644636 0.4092016455 0.2685351546 0.1716846387 0.1120128456 0.07892404429 0.06234718147 0.0548240089 0.0521804198 0.05597982354 0.06500956392 0.08448095113 0.1224973037 0.1895069767
0.0906870283 0.06853992709 0.05773199437 0.05295125333 0.05228045007 0.05611003239 0.06498297009 0.08362666272 0.1190718484 0.179852359 0.2734241247 0.4018371883 0.5570897982 0.7188973273 0.8575427138 0.942283785 0.9523436241 0.8851651477 0.7574638061 0.598488524 0.43919058 0.3027484784 0.2002263912 0.1317213205
0.2593357364 0.1677129079 0.1105809749 0.07853513177 0.06230141194 0.05485357224 0.05175266732 0.05484712146 0.06228654783 0.07850409814 0.1105224066 0.1676133249 0.2591839322 0.3905113345 0.5573016535 0.741723354 0.9132370157 1.035959614 1.080670042 1.036078829 0.9134457814 0.7419742993 0.5575470553 0.3907172455
0.08889254746 0.1275794523 0.1916310525 0.2866473862 0.4118898451 0.5565035998 0.6988138792 0.8106575533 0.8661870277 0.851533446 0.7704188464 0.642624958 0.4961760606 0.3574426019 0.2438890511 0.1619113096 0.1091188703 0.07858312646 0.06264808541 0.05512237423 0.05189866906 0.05288014377 0.05749376586 0.06784504005
0.2520431145 0.3886449955 0.5694894408 0.7793571465 0.9872063363 1.152203142 1.236368287 1.218715673 1.103730772 0.9195246796 0.7066978861 0.5039215268 0.3371622815 0.2162667724 0.1381079291 0.09273227113 0.06896830011 0.05770605857 0.05286528386 0.05404494711 0.06055738059 0.07521918016 0.1051362476 0.1603252454
0.6282152365 0.4601580937 0.3162836468 0.2082228347 0.1360449292 0.09282652708 0.06950885984 0.05813359184 0.05310358981 0.05241511521 0.05646886039 0.06585802717 0.08557967635 0.123061113 0.1873099565 0.2861833242 0.42181584 0.5857201714 0.7564469695 0.9026142542 0.9917964885 1.002122877 0.9309685172 0.796035051
0.2415786559 0.1553642641 0.1030360304 0.07443318805 0.06030198041 0.05397550916 0.05238777877 0.056468061 0.06603561359 0.08638551398 0.1255619054 0.1936179563 0.2998308351 0.4477542167 0.6295821479 0.8229415671 0.9934302167 1.103912015 1.127532517 1.058295594 0.9135287659 0.7268574361 0.5355668784 0.3688103125
0.5578276141 0.7114294059 0.8384644925 0.9102253507 0.9089616791 0.8349948301 0.7065854572 0.5526285774 0.402155561 0.275815308 0.1825267853 0.1211844941 0.0849944037 0.06574502111 0.05648364687 0.05244358198 0.0525276167 0.05668692972 0.06619100318 0.08587998167 0.1227716331 0.1850838676 0.2794966269 0.4068457937
0.9550463943 1.048188919 1.057595228 0.9808740303 0.8370950522 0.6591088447 0.4814138509 0.3296563713 0.2159154418 0.1400907811 0.09477188216 0.07036393996 0.05847714708 0.05322975132 0.05260304614 0.05696160238 0.06703993833 0.0881731745 0.1282672352 0.1968700229 0.3022422244 0.4464914883 0.6204024794 0.8010353789
0.05348690336 0.05161519381 0.05442496388 0.06109497367 0.07546093082 0.1034753619 0.1527932611 0.2308452103 0.3411929343 0.4791272666 0.628792431 0.7644815706 0.8572176968 0.8846833938 0.8399222143 0.7341925432 0.592380168 0.4435144836 0.3113058284 0.2088067388 0.1383324373 0.09496793608 0.07095159794 0.05893434675
1.045431427 0.8834990749 0.6887491746 0.4980093077 0.3375909245 0.2189642298 0.1408543705 0.09471243582 0.07013920358 0.05830209519 0.05313230887 0.05316049215 0.05837027202 0.07028877765 0.09500944395 0.1413866734 0.2198218413 0.3388255951 0.4995823613 0.6904928801 0.8851236907 1.046595122 1.138474265 1.13805044
0.05364253435 0.05940448854 0.07222276849 0.09806097737 0.1451302176 0.2223359317 0.3357357882 0.48359563 0.6521942566 0.8154551994 0.9405009782 0.998157489 0.9739703048 0.8740755011 0.7226783468 0.552550082 0.3936233785 0.2650391401 0.1731639987 0.1145626729 0.08097495464 0.06360101473 0.0554659216 0.05201042067
0.05369279189 0.05965800262 0.07311805322 0.1006461755 0.1515484988 0.2363510372 0.3629835965 0.5311082392 0.7268547285 0.9215244905 1.077058496 1.157751172 1.143504847 1.03794021 0.8669059648 0.6682226713 0.4782025437 0.3214469799 0.2074897306 0.1336278481 0.09064256032 0.06807767819 0.05735928629 0.05274195423
0.7002164666 0.5324653229 0.3776466259 0.2536464064 0.1658455236 0.1103133178 0.07873946213 0.06253359069 0.05500269281 0.05182752623 0.05387388575 0.05993378083 0.07331383911 0.1000777113 0.1484479332 0.2271332905 0.34169248 0.489624341 0.6564146484 0.8155773778 0.9345857838 0.9854536515 0.9553907412 0.8520127614
0.05361485565 0.05226235637 0.05611736135 0.06513905303 0.0842897833 0.1210824233 0.1848624876 0.2841809495 0.4221717576 0.5913357641 0.7706451736 0.9280266534 1.029096216 1.04925079 0.9833726774 0.8479342783 0.6743248423 0.497080333 0.3430164283 0.2257639605 0.1464937414 0.09848416451 0.07229626625 0.05938416907
0.6229923011 0.7632755208 0.8626383385 0.8973615451 0.8586705917 0.7563273189 0.614640224 0.4631132056 0.3266290583 0.2195344546 0.1450932311 0.09881718028 0.07293650446 0.05986309527 0.05388177788 0.05148281674 0.0540964996 0.0603578545 0.07396945459 0.1007665854 0.1484077288 0.2245870072 0.3334823911 0.4712808414
0.5689031916 0.7638388821 0.948763678 1.085672111 1.142271257 1.104314512 0.9814109061 0.803084846 0.6072857703 0.4274361159 0.2839593521 0.1827299166 0.1189173687 0.08275065644 0.06424435494 0.05567018226 0.05206577352 0.05465983014 0.06191691267 0.07789259256 0.1097510393 0.1671476283 0.2602098162 0.3952263521
0.1391761551 0.09529284859 0.07105435706 0.05895747876 0.05348787607 0.05170368107 0.05465662793 0.06164893538 0.07667057552 0.1058868967 0.1571813092 0.2381306583 0.3522258089 0.4943600197 0.6479568715 0.7864380177 0.8801068448 0.9063735492 0.8585817781 0.7487408124 0.602636705 0.4500320591 0.315021632 0.2106938686
0.632130887 0.4410930664 0.2904756161 0.185329797 0.1197023258 0.08285735239 0.06417585674 0.05559754406 0.0520229129 0.05549418369 0.06393769061 0.08236010472 0.1187638957 0.1837341997 0.2880432921 0.4377938065 0.628198878 0.8390146654 1.035426784 1.176406386 1.228412393 1.178316537 1.038771776 0.8430354922
0.1462430989 0.2246188505 0.3399640163 0.4906852797 0.6629773631 0.8303542219 0.9592233651 1.019573744 0.9962863165 0.8952705331 0.7410354924 0.567054633 0.4040820973 0.2719233294 0.1773014662 0.1168336695 0.08211357555 0.06412256152 0.05568420513 0.05209390736 0.05366267214 0.0594709545 0.07241407967 0.0985489148
0.1051173622 0.15851667 0.245540151 0.3724830481 0.5367537311 0.7224239033 0.9001752409 1.033796375 1.091917754 1.059934281 0.9459509723 0.7774561697 0.5905811193 0.4176599891 0.2788565373 0.1803802262 0.117981633 0.08244164829 0.06416921157 0.05566395656 0.05207217103 0.0542447592 0.06090100968 0.07562193039
0.3620356549 0.2480341644 0.1650290345 0.111151383 0.07975339636 0.06324946274 0.05539997119 0.05201426253 0.05264184765 0.05691736007 0.06657694329 0.08635799914 0.1229838811 0.1840866033 0.2754629988 0.3969737537 0.5387079739 0.6799900364 0.7932747718 0.8525952014 0.8431862568 0.7674394572 0.6439184141 0.4999868045
0.1062512675 0.07596382029 0.06096822454 0.05424068023 0.05243787979 0.05661636511 0.06643456047 0.08736183347 0.1277373481 0.1980344242 0.3080044348 0.4615504476 0.6508283844 0.8528035048 1.031746888 1.148806607 1.175575021 1.105259052 0.9554723251 0.7610869872 0.5610951232 0.3862112163 0.2524203232 0.1615391899
0.4219899267 0.5813748791 0.744708022 0.8812565188 0.9603308688 0.962420282 0.8869934256 0.7527172559 0.5899712601 0.429745055 0.2944246853 0.1939890472 0.1276328099 0.08830827612 0.06730100647 0.05715124377 0.05270534871 0.05256639235 0.0568151074 0.06656356484 0.08684396613 0.1250084848 0.1897609573 0.2883377281
1.205290218 1.195521153 1.089552879 0.9134188251 0.7063385243 0.5066313608 0.3407602466 0.2194477386 0.1403790937 0.09411960765 0.06971182144 0.05806033937 0.05301655573 0.05366720308 0.05963387414 0.07316319335 0.1009714927 0.1526568008 0.2392254539 0.3692293701 0.542898596 0.7465363358 0.9508685551 1.116376423
0.07041763723 0.05852785803 0.05325991215 0.05243359108 0.0565301254 0.066037139 0.08604655137 0.1241535598 0.1896148914 0.2905818924 0.4294246883 0.5976709309 0.7735111862 0.9247868888 1.018034277 1.030416612 0.9587868673 0.8209831366 0.6486309556 0.47540728 0.3266827735 0.2146989301 0.1397285998 0.09474066755
1.090826111 1.002185392 0.8472532638 0.6609456151 0.4784895687 0.3250485825 0.2115883414 0.1368844569 0.09275684136 0.06925753042 0.0579382912 0.05299491786 0.05302490448 0.05801083041 0.06941667513 0.09307285381 0.1374508198 0.2125008278 0.3263622542 0.4801632753 0.6628008925 0.8489818313 1.003423547 1.091277055
0.06996642528 0.09341707272 0.1364076542 0.2073893521 0.3123795213 0.4503280101 0.6090278908 0.7644674201 0.8857239309 0.944694366 0.9266334173 0.8361271524 0.6952069353 0.5346594803 0.3832006603 0.2596555914 0.1707364773 0.1136358732 0.08069707319 0.06355262391 0.05547622471 0.05202521245 0.0532372351 0.05840371955
0.06925212797 0.09317114377 0.138601245 0.216424611 0.3361058457 0.5001604822 0.6982454229 0.9043641289 1.080571215 1.187743769 1.199588415 1.113094195 0.9497721986 0.7469872744 0.5441383756 0.3706297176 0.2404102912 0.1534924142 0.1014823157 0.07343900025 0.05976678326 0.05372473579 0.05293523905 0.05785769884
1.042183574 0.9906609063 0.8662169567 0.6982008345 0.5211346153 0.3634093133 0.2408140004 0.1563261358 0.1042252148 0.07531010725 0.06081230145 0.05422740408 0.05187911258 0.05515722881 0.0629542255 0.07978090986 0.1126607988 0.1706661193 0.2626699951 0.3930508909 0.5564567187 0.7343173924 0.8962608977 1.007816746
0.06626707584 0.05657653137 0.05243341262 0.05384273267 0.05998083821 0.073726043 0.1016196514 0.1527865469 0.2373220663 0.3624446262 0.5269673316 0.7164010372 0.9021462751 1.047296031 1.118231762 1.09722099 0.9895992147 0.8215754617 0.629890007 0.4488818702 0.3011160237 0.1946891646 0.1263007923 0.08682591466
0.9284699319 0.8920418552 0.7887064875 0.6431186799 0.4858557163 0.3431401772 0.2304427349 0.1516564433 0.1024157588 0.07473547746 0.06068341684 0.05422310137 0.05152786257 0.05404695516 0.06027753965 0.07388808778 0.1008165371 0.1489373337 0.2262977596 0.3375178682 0.4791551624 0.6362667963 0.7830063056 0.8887867822
0.408811391 0.5795155727 0.7651920973 0.9340933677 1.050241832 1.085722354 1.031551613 0.9013622475 0.725844977 0.5410336421 0.3765177992 0.2487164999 0.1606859387 0.1064264114 0.07632715109 0.06124234102 0.05439380825 0.0519708763 0.05540694179 0.06357611405 0.08119828459 0.1156171569 0.1763093669 0.2725282549
0.1032819566 0.07544042312 0.06111731604 0.05444638463 0.05162759205 0.05329319559 0.05846182502 0.06989949296 0.09283033146 0.134370829 0.2021124118 0.3009969495 0.4290562746 0.573926532 0.7127787094 0.8173582411 0.8631285866 0.8385908847 0.7499640435 0.6186318284 0.4727835241 0.3376977059 0.2291786246 0.1521333211
0.4324534504 0.2853733293 0.1825767515 0.1183453467 0.08224645547 0.06392472006 0.05550329022 0.05199062666 0.05529660801 0.06344848042 0.08125216096 0.1164688775 0.1793862401 0.2805097481 0.425856404 0.6109008116 0.8160932534 1.007654077 1.14563814 1.197247387 1.149457555 1.014342515 0.8241330602 0.6187630463
0.113318972 0.1702952747 0.2591677551 0.3828682391 0.5348210156 0.6962818662 0.8384859506 0.9304352127 0.9497716458 0.8915863021 0.7704377619 0.6144503337 0.4547496249 0.3156309228 0.2095520039 0.1377116639 0.09413101251 0.07032178675 0.05856468397 0.05330363646 0.05200442384 0.0554272328 0.06344927263 0.08050356496
0.1833683127 0.2847117784 0.4280494115 0.6073059817 0.8019176821 0.9784923852 1.09934392 1.135397482 1.077522225 0.9402768779 0.7559767836 0.5623741373 0.3903419132 0.2569069729 0.1651241069 0.1086258126 0.07732391544 0.0616554339 0.0545503564 0.05209224891 0.05573374402 0.06438118611 0.08301281577 0.1193588501
0.4170033332 0.2878582593 0.1910905479 0.1265965234 0.08805849863 0.06730715573 0.05720329508 0.05274389928 0.05222114181 0.0559391081 0.06453441741 0.08255408411 0.1167336363 0.1752032361 0.264989759 0.3878714127 0.5359779645 0.6897542251 0.8207991079 0.899964328 0.9078110779 0.8423445171 0.7198351271 0.5682666177
0.2065715093 0.132177082 0.08947481922 0.06735485695 0.05698318234 0.05257168151 0.05452801643 0.06170522529 0.07769382948 0.1099677434 0.1688458046 0.2655665932 0.4078578243 0.5937146456 0.8060717313 1.012246689 1.170834023 1.244889214 1.215857395 1.091105349 0.9008938393 0.6864840661 0.4857437312 0.3230273888
0.4416035302 0.6071266541 0.7754253531 0.9144959812 0.9928979312 0.9912345107 0.9099287266 0.7690490672 0.600282945 0.4354295727 0.2970787921 0.1949630645 0.1278414125 0.08825564334 0.06720726186 0.05708368891 0.052668939 0.05277955953 0.05735128282 0.06779433398 0.08942137776 0.1299306447 0.1983290749 0.3019246798
0.8704775671 1.038372858 1.139698529 1.149571246 1.065481087 0.9083249951 0.7139924409 0.5201170108 0.3546353185 0.230669979 0.148067068 0.09871826839 0.0721509293 0.05921772004 0.05351064191 0.05285295755 0.05762722067 0.06866245474 0.09179291652 0.135658023 0.2106811268 0.3258628041 0.4834638455 0.673367373
0.05231298914 0.05313613475 0.05819973773 0.06962170148 0.09297390527 0.1361399142 0.2080285311 0.3153371298 0.4577481559 0.6234788953 0.788200491 0.9196863916 0.9877400719 0.9754090246 0.8858270871 0.7409245234 0.5727285601 0.4119539382 0.2793833222 0.1830460011 0.1206274082 0.08431438085 0.06525845357 0.05620978165
0.8204243055 0.639361589 0.4626341196 0.3144112313 0.2050694036 0.1332345797 0.09088960541 0.06838457115 0.05756528936 0.05284924004 0.05299506914 0.05791805164 0.0691584894 0.09242634818 0.1359887221 0.2095066501 0.3207993071 0.4707728971 0.6483832433 0.8288297703 0.9777631515 1.061493626 1.059300845 0.9717424279
0.05181261294 0.05491412474 0.06219322905 0.07768998646 0.1075517071 0.1594775655 0.2406002688 0.3537059787 0.4929091261 0.6411631739 0.7721569092 0.8573971729 0.8761793457 0.8237361674 0.7131975571 0.5702647394 0.4235401795 0.2954605535 0.1976241976 0.13125776 0.09093582983 0.06887442828 0.05796481087 0.05307615763
0.05536456962 0.06344510899 0.08084077076 0.1147466906 0.1744060162 0.2687744725 0.4021140572 0.56868243 0.7492800934 0.9128439321 1.024416857 1.057137538 1.002717699 0.874842706 0.7035961707 0.5240010623 0.3646158413 0.2411231581 0.1562618799 0.1040720869 0.07518258015 0.06073393034 0.05418744172 0.05195901111
0.7651398216 0.627210869 0.4763924385 0.3382809494 0.2283831579 0.1510236855 0.1023629401 0.07484026894 0.06078499679 0.05428563521 0.05155862571 0.05366005317 0.05934376731 0.07183172688 0.09668588747 0.14137231 0.2136722472 0.3183285852 0.4526153163 0.6028981019 0.7449144793 0.849372269 0.8915855124 0.8609216187
0.0565996309 0.05243289107 0.05418515412 0.06082985037 0.07564867368 0.1055953953 0.160292045 0.2502539132 0.3827739243 0.5561147808 0.7544987206 0.9475173479 1.0964945 1.166766825 1.140735663 1.025007547 0.8476785196 0.6472817878 0.459319187 0.3067298626 0.1973744271 0.127428229 0.08723128088 0.06638506186
0.8296879554 0.9404726505 0.9807901968 0.9404601144 0.8296660026 0.6747901565 0.5082381207 0.3575953083 0.2389729552 0.1562554114 0.104680681 0.07575420976 0.06110181528 0.05437997085 0.05158180618 0.05438064919 0.06110337832 0.07575747306 0.1046868398 0.1562658831 0.2389889179 0.357616961 0.508263926 0.6748165443
0.8187367123 1.020185439 1.170632819 1.234686332 1.196238189 1.065027539 0.8726445631 0.6602082761 0.4642622991 0.3073974165 0.1963741585 0.1261826534 0.08628935368 0.06582099623 0.0563127687 0.05230535272 0.05492371577 0.06262171766 0.07961252253 0.1135863363 0.1749636366 0.2747682499 0.4200136351 0.6074834092
0.1865923555 0.1225457722 0.08526381361 0.06568837282 0.05638789811 0.05238050729 0.05319126163 0.05834799016 0.06998632295 0.09379407214 0.1378272356 0.2112035316 0.3208016751 0.4663509848 0.6358673572 0.8045194882 0.9393507532 1.009416423 0.9972675812 0.905991902 0.7579426762 0.5858682 0.4212353575 0.2853813971
0.7800499067 0.5834810857 0.4067935204 0.2683968378 0.1723509056 0.1127334955 0.07943901263 0.06264382419 0.05497009984 0.05195267533 0.05538796401 0.06360663665 0.08144910896 0.1165269109 0.1788005821 0.2782284335 0.4201290123 0.5993738231 0.7963013918 0.9778803899 1.105847501 1.149618029 1.09812713 0.9643606517
0.1633258014 0.2470494543 0.3635834463 0.5067330897 0.6588401443 0.792806232 0.8794290704 0.8976458148 0.8428317738 0.7287019964 0.5817514243 0.4313025 0.3002430926 0.200309351 0.1326306857 0.09157460851 0.06914460611 0.05806856234 0.0531122705 0.05188828891 0.05511278585 0.0626700468 0.07873626305 0.1096504627
0.09200347318 0.1362890571 0.2122399108 0.3291843889 0.4896995457 0.6838001803 0.8861422248 1.059576907 1.165655513 1.178371944 1.094493875 0.9348934315 0.736131725 0.5369176135 0.3662531973 0.2379947927 0.1522793996 0.100928628 0.07320957763 0.0596806374 0.0536954908 0.05284749109 0.05763024579 0.06871311719
0.280125016 0.1842780077 0.1217096168 0.08504946308 0.0656789434 0.05641924086 0.05240537064 0.05284170194 0.05747454637 0.06799378855 0.08964531203 0.1299452238 0.1975450557 0.2992230772 0.4352860655 0.595142205 0.7559399597 0.8866757473 0.9575656502 0.9510115858 0.8686799533 0.7308154331 0.568174555 0.4109559707
0.08584532405 0.06582254952 0.05639222234 0.05236351703 0.05379453946 0.05984858685 0.07339484762 0.1008625322 0.1512062166 0.234309558 0.3571991295 0.5186229554 0.704272388 0.8860361974 1.027739195 1.096531789 1.075211053 0.9691906333 0.8042743785 0.6164799935 0.4393778591 0.2949567348 0.1910389191 0.1243224493
0.2597291463 0.3765527197 0.5153495263 0.656927342 0.7744786386 0.8414908925 0.8414030405 0.7742374235 0.6565905855 0.5149880846 0.3762266511 0.2594732194 0.173103112 0.1162126563 0.08259450929 0.06468518214 0.05605543969 0.05228530139 0.05229114331 0.05606957161 0.06471618635 0.08265607414 0.116322994 0.1732808807
1.022876728 1.101395498 1.089934213 0.9914062456 0.8299733055 0.6414443112 0.4604681212 0.3107212703 0.2015671028 0.1306426684 0.08926958264 0.06750165576 0.05713893527 0.05266513496 0.05342929524 0.05898666643 0.07155379869 0.09731299899 0.1450536041 0.2247785591 0.3441299002 0.5030244613 0.6886098087 0.8739122729
0.06203547464 0.05480765535 0.05175766007 0.05365895613 0.05939002495 0.07205503461 0.0974111181 0.1432790483 0.2179652615 0.3268128776 0.4675269999 0.6263871564 0.7782415943 0.8921086363 0.9412349671 0.9132722267 0.8153053964 0.6709451481 0.511108529 0.3633895624 0.2449383817 0.1609792128 0.1078252313 0.07757557474
1.11469781 0.9454614621 0.7392851065 0.5356040997 0.3631102246 0.2347751701 0.1497979055 0.09933222432 0.07231883003 0.05924152423 0.0535022508 0.05319096311 0.05848854792 0.07066695435 0.09605226661 0.1439197649 0.2253050545 0.3494769038 0.5182347984 0.720031922 0.9275235018 1.101849185 1.203930488 1.208610011
0.06454994113 0.08301507898 0.1185638032 0.1803193529 0.2767014956 0.4109369221 0.575944226 0.7514222336 0.9061518894 1.006430829 1.027884964 0.9650681221 0.8337012494 0.6642980084 0.4906960228 0.3393547459 0.2238815664 0.1456330339 0.09813863579 0.07217742292 0.05935103828 0.05360861081 0.05216647356 0.05586869564
0.06409884868 0.082602546 0.1190002776 0.1836538936 0.2869429809 0.4344479376 0.6209034649 0.8259241649 1.015177816 1.148820721 1.194927021 1.141843077 1.002958746 0.8112361962 0.6065397858 0.4223955285 0.2780573922 0.1778248542 0.1155719219 0.08078590858 0.06322870993 0.05520252848 0.05202135356 0.05558016753
0.8901850792 0.7668117458 0.6097147053 0.4499998019 0.3116280418 0.2066174905 0.1358079815 0.09302754486 0.06974680795 0.05829428002 0.05318854051 0.05209095877 0.05564243673 0.0639353982 0.08149949 0.115165708 0.1733860805 0.2638182024 0.3891209619 0.5422617056 0.7039867113 0.8451942867 0.9349302349 0.9513143207
0.0616059543 0.05455125314 0.05188901789 0.05519989041 0.06310037611 0.08020680506 0.1137466369 0.173123575 0.2676489678 0.4021303532 0.5714128957 0.7566291169 0.9264613009 1.044959531 1.083735769 1.032981006 0.9054845359 0.7314133793 0.5467531214 0.3814377775 0.2523927109 0.1631147348 0.1078595366 0.07708707912
0.8151291145 0.8647730163 0.8440905038 0.7583286737 0.6282705806 0.4820746923 0.3454731455 0.2349305481 0.1559328738 0.1055372417 0.07664828801 0.06170269205 0.05470363588 0.05173026677 0.05312568836 0.05807110564 0.06907444206 0.09125742414 0.1316740012 0.1979779512 0.2953814016 0.4224069104 0.5672795088 0.7076037387
0.3541819749 0.5168938666 0.7058949957 0.893299653 1.042341105 1.118738601 1.103448881 1.000357248 0.8346785344 0.6429637009 0.4601057888 0.3095942966 0.2003923857 0.1297421619 0.08869738506 0.06718726158 0.05698655705 0.05259926877 0.05362064443 0.05945544207 0.07260004243 0.09943882345 0.1489825082 0.2313761742
0.07530535663 0.06096072898 0.05434508096 0.05157647744 0.05391091642 0.05996039141 0.07321698023 0.09952979304 0.1467071867 0.2228154004 0.3326425804 0.4730816523 0.6296185151 0.7767612503 0.8840128307 0.9259617773 0.8920328511 0.7908057937 0.6465009782 0.4895916206 0.3464961827 0.2330291498 0.1534076987 0.1034708319
0.3663590194 0.2373388687 0.151532954 0.1003636973 0.07286439127 0.05950020853 0.05361275148 0.05304006206 0.05811512813 0.06982621306 0.0943318252 0.1407241504 0.2199267157 0.3412942235 0.5070182429 0.7062459796 0.9124446464 1.087354656 1.191970135 1.200571698 1.110972392 0.945418235 0.7416386288 0.5389494967
0.08118025272 0.1152484723 0.1749661872 0.2690514574 0.401423848 0.5659977022 0.7434190379 0.9028550195 1.010032894 1.039073288 0.982614767 0.8548363038 0.6856883951 0.5095285129 0.3540269621 0.2340955078 0.1520247966 0.1017487353 0.07402288693 0.06020662384 0.05396890294 0.05199984443 0.05545874194 0.063637048
0.2042970963 0.3133856719 0.4614887756 0.6383764701 0.8199881738 0.9722406661 1.060964574 1.064282802 0.98135155 0.8327078268 0.6520286603 0.4738050358 0.3230527242 0.2110120464 0.1368963795 0.09292165394 0.06940361598 0.05802824004 0.05304011129 0.05281940601 0.0574943632 0.06823237766 0.0905960085 0.1327284364
0.5735776513 0.4269945096 0.2984393623 0.1998432697 0.1327152395 0.09178931751 0.06932308569 0.05817747333 0.05316732952 0.05174761944 0.05475148062 0.06182340353 0.07692697196 0.1061259854 0.1570710089 0.2369438863 0.3487322389 0.4869023451 0.6348144749 0.7664457427 0.8533040462 0.8743431967 0.8242257597 0.7155161994
0.227749454 0.1462061481 0.09765723418 0.07160659325 0.05896551442 0.05340483121 0.05295518863 0.05787795622 0.0692208847 0.09292048691 0.1377177255 0.2140746697 0.33088411 0.4900927955 0.6810921845 0.878271657 1.044911049 1.14377291 1.150529092 1.063461714 0.9041706056 0.7088906615 0.5151719704 0.350569687
0.6324569961 0.7956873379 0.9237378032 0.9869942797 0.9696534577 0.8761196111 0.7291928588 0.5610633594 0.4019555641 0.2718361812 0.1779700621 0.1175640752 0.08264786214 0.06443860096 0.05584422512 0.05216501153 0.05332700182 0.05865155748 0.0705905057 0.09485090223 0.1394142646 0.2131450459 0.3224409759 0.4663920401
1.020837827 1.175276446 1.243722068 1.208987286 1.079877516 0.8875754456 0.6734386925 0.4747124803 0.3148059563 0.2011095565 0.1289200892 0.0877237328 0.06650339169 0.05660789616 0.05242150109 0.05477583518 0.06228510213 0.07892275553 0.1123206563 0.1729011157 0.271825305 0.4164357226 0.6040079259 0.8165943356
0.05685370983 0.05257359973 0.05289632664 0.05763432793 0.06841728206 0.09066415216 0.1321730412 0.2019772054 0.3072521441 0.448539166 0.6150858955 0.783312997 0.9209550724 0.9967462172 0.9918957984 0.9076371717 0.7647197572 0.5951291863 0.4305349383 0.2931202281 0.1921605543 0.1260796623 0.08726400244 0.06670482303
0.9446952596 0.7618732749 0.5683960663 0.3955032689 0.2607531524 0.1676596234 0.1101190741 0.0781143837 0.06203306627 0.05471363015 0.05200582115 0.05551543009 0.06388027333 0.08197040275 0.1173953062 0.180029727 0.2796080477 0.4210761275 0.5988711216 0.7930348819 0.9706180345 1.093953633 1.133463778 1.079150854
0.0556511452 0.06389814558 0.08128302209 0.1144454117 0.1715085277 0.2596780503 0.3811544813 0.5286739118 0.6832574909 0.8167475 0.8996809016 0.9117688664 0.8499396041 0.7296026328 0.5784262242 0.4260495963 0.2949273855 0.1960027454 0.1296555706 0.08977431772 0.06817694028 0.05760274242 0.05291039026 0.05210303999
0.05202562164 0.05557041241 0.06401999393 0.08229533231 0.1180868347 0.1813765905 0.2820087076 0.4249920306 0.6047167071 0.8010207048 0.9806021023 1.105376947 1.145424962 1.090612692 0.9547468067 0.7699402501 0.5743210642 0.3994858625 0.2632030306 0.1690388138 0.1108296424 0.0784494183 0.06217763558 0.05477072093
0.7241562464 0.5755929503 0.4250334075 0.2949186377 0.1963878963 0.1300792432 0.09009278317 0.06837146991 0.05770465262 0.05295728836 0.05200963789 0.05541460031 0.063352004 0.08013408152 0.1122444908 0.1676725958 0.2536016086 0.372417444 0.5172908878 0.6698513468 0.8025220695 0.8861465239 0.900309422 0.8414127625
0.05243565124 0.0546449463 0.06196588651 0.07821243153 0.1108790143 0.1702336856 0.2673282408 0.409532061 0.5943654317 0.8043534991 1.006732957 1.160549742 1.229822711 1.197167787 1.070865648 0.8814606342 0.6697924043 0.4728460351 0.3140278448 0.2008858987 0.1289185384 0.0877781657 0.06655137797 0.05663680262
0.8014964998 0.9387857329 1.012052211 1.003085067 0.9141639466 0.7671204 0.5946524556 0.4285979954 0.2908621785 0.1902459617 0.1247383619 0.08645257742 0.06627212837 0.05664801419 0.0524858274 0.05308326918 0.05809279344 0.06944092501 0.09274318203 0.136009858 0.2084021478 0.3169963702 0.461889863 0.6315516672
0.5517796737 0.7504602582 0.9449224235 1.096450611 1.169911068 1.14693222 1.033348602 0.8568014531 0.6558390939 0.4663699437 0.3118984358 0.2007710271 0.1294391039 0.08830736109 0.06690680682 0.05682924038 0.05252472839 0.05406724907 0.0605548245 0.07506875234 0.1044936475 0.158415279 0.2474088238 0.3789834759
0.1599141123 0.1068726844 0.07693304481 0.06167343407 0.05463066401 0.05168119993 0.05410797173 0.06046915238 0.07441895365 0.1021283569 0.1518479934 0.232121984 0.3480600187 0.4964538076 0.6620413904 0.8179209405 0.9318275914 0.9767920746 0.9414816222 0.8348269961 0.6823636936 0.5163278753 0.3647366234 0.244417181
0.5151788798 0.3570803139 0.2355305445 0.152591249 0.1019202375 0.07404885921 0.06019491816 0.053955528 0.05209790642 0.05571366555 0.0642421309 0.08249126238 0.1178405959 0.1796415389 0.2767410514 0.4129506601 0.5817365093 0.7629791421 0.9249608585 1.03272472 1.060198203 1.000413853 0.8683712792 0.6949402126
0.1428038995 0.2157636457 0.3209840999 0.4554429792 0.6051971331 0.7458187068 0.8481351571 0.8878923743 0.8550660074 0.7579558856 0.6197867672 0.4697106378 0.3329560927 0.2245900856 0.1485942442 0.1009583082 0.07410515314 0.06043605226 0.05413517649 0.0514996272 0.05376000585 0.05957162695 0.07230049292 0.09755263814
0.1422211224 0.2226275932 0.3457477723 0.5137289448 0.7154851701 0.9240655723 1.100705735 1.205978206 1.213991061 1.122706962 0.9547821182 0.7484549085 0.543473907 0.36909608 0.2388470479 0.1522893423 0.1007086475 0.07300727189 0.05955387768 0.05363099527 0.05309760267 0.05826379816 0.07017739737 0.09509018813
0.3465160571 0.2291574914 0.1490725143 0.1001421384 0.07322651082 0.05984683252 0.05382067929 0.05202388591 0.05551236594 0.06374110038 0.08134992014 0.1154610278 0.1751009643 0.2688114024 0.4002762544 0.5631955715 0.7381554575 0.8945428159 0.9986111847 1.025183322 0.9675204333 0.8400902087 0.6726859547 0.4991515634
0.1276404357 0.08760225468 0.06666753077 0.05676176541 0.05251061655 0.05366160874 0.05954333586 0.0727645954 0.09969939681 0.1493056037 0.23160502 0.3539578735 0.5156186867 0.7027980687 0.8876426368 1.033716929 1.107335881 1.090129109 0.986468097 0.8216674434 0.6319676238 0.4516973126 0.3037642757 0.1967214114
0.3296770779 0.470643739 0.6290331657 0.779497665 0.8911546066 0.9376856608 0.9073813587 0.8079146892 0.6631942408 0.5040537485 0.3577144698 0.240862245 0.1583486718 0.1062935466 0.07676856477 0.06164992197 0.05464036777 0.05169166063 0.05376072955 0.05962367451 0.07253934049 0.09831399375 0.1447842392 0.2201887204
1.093478437 1.068783591 0.9603572578 0.7945146225 0.6072705082 0.4317599313 0.2893569722 0.1873514589 0.1221359784 0.08467384722 0.0652539947 0.05614181326 0.05226329455 0.05392623641 0.06015614516 0.07404433713 0.1020988543 0.1533177625 0.2375224496 0.3615035482 0.5235918098 0.7089869652 0.8892298462 1.028174804
0.06407773464 0.05577636799 0.05216924391 0.05243632547 0.0564223922 0.06549493628 0.08421481705 0.1191464845 0.1778961415 0.2665091405 0.385448987 0.5256726578 0.6673356362 0.783273453 0.8471536376 0.8431394604 0.7722516423 0.6519479976 0.5091566358 0.3705488415 0.254813705 0.1697719915 0.1141036832 0.08140090404
1.176361998 1.09778994 0.9420761214 0.7451220421 0.5457373727 0.3735740742 0.2432979413 0.1556847186 0.1028845262 0.07422013141 0.06015209861 0.05389463369 0.05267902451 0.05721432093 0.06778057018 0.09010766376 0.1328019382 0.206453432 0.3205584749 0.4782216743 0.6703083155 0.8723903711 1.047883601 1.158187405
0.06750344617 0.08869517671 0.1282927522 0.1949832202 0.2957227566 0.4311575006 0.5911217845 0.7530998754 0.8861235946 0.9600293357 0.9565082507 0.8764557116 0.7396025597 0.5766348553 0.4180881107 0.2854644976 0.1878575436 0.1238698288 0.08622722792 0.06626052524 0.05667983127 0.05251146928 0.05274568928 0.05724639072
0.07703355964 0.107713789 0.1627683936 0.251663201 0.380063404 0.5444240038 0.7278493372 0.9005468872 1.026775591 1.076650902 1.037602641 0.9195071304 0.7506409361 0.5667129234 0.3987663651 0.2654523926 0.1718146447 0.1130346202 0.07985315476 0.06293995541 0.05513341982 0.05186385551 0.05454720881 0.06158933024
0.8569835548 0.7773899447 0.6500692293 0.5030716382 0.3630861464 0.2480123516 0.164617826 0.110721642 0.07944193189 0.06306533515 0.05530647669 0.05197252912 0.05280212107 0.05731159355 0.06746098102 0.08816424683 0.1263442279 0.1897742507 0.2842122435 0.4091893664 0.5541604842 0.6976577853 0.8114718151 0.8693954181
0.07808668177 0.06195561512 0.05465773605 0.05224783939 0.05614718393 0.06538574721 0.08524458766 0.1238920526 0.1917863693 0.299001916 0.4502232842 0.6387534551 0.8426766074 1.026764957 1.151578761 1.187031491 1.124139994 0.9787113151 0.7849064208 0.582248936 0.4028003586 0.2640300183 0.168837037 0.1103893558
0.9490676045 0.9542571756 0.8823826772 0.7512704814 0.5907288466 0.4315970202 0.2964687518 0.1956968666 0.1288260953 0.08903204185 0.06768902855 0.05733699378 0.05278524738 0.05243990346 0.05650168985 0.06585664523 0.08539385166 0.1223062432 0.1851933174 0.2813481908 0.4123334631 0.5693764315 0.7313770264 0.8681335268
0.4850451581 0.680732389 0.8869266206 1.066391645 1.179708108 1.199219167 1.119968349 0.9617388407 0.7610521231 0.5575325187 0.3815566669 0.2482362676 0.1584775616 0.1043285572 0.07490278304 0.06044717941 0.05401126797 0.05270545013 0.05729172263 0.06798672944 0.09060745 0.1339055504 0.2086744927 0.3246344418
0.1076497194 0.07710301321 0.06166190265 0.05459253739 0.05172979739 0.05478174608 0.06209787905 0.07801324512 0.1093675408 0.1651505862 0.2544159137 0.3821197531 0.5438626315 0.7221235016 0.8871888806 1.004397465 1.045787243 1.000900979 0.8810659446 0.71476345 0.5366651366 0.3760804736 0.2499635351 0.1622298221
0.4361520885 0.2916053105 0.1883521841 0.1225098519 0.08478079237 0.06526909797 0.05613505903 0.05225608556 0.05410645345 0.0606001426 0.07504309298 0.1041496531 0.1571605287 0.2440910332 0.3717418473 0.5381362785 0.727807041 0.9113953463 1.051913946 1.116571017 1.089155617 0.9766225311 0.8062346595 0.6148612145
0.1042584653 0.1548185898 0.2353278016 0.3498984985 0.4941600201 0.6520548951 0.7969029507 0.8980544038 0.9312816099 0.8881797356 0.7796104763 0.6312680087 0.4738315051 0.3328404417 0.2227512637 0.146567817 0.09940547173 0.07313391538 0.05991413183 0.05388858585 0.05160656696 0.05442327375 0.06114603131 0.0757056242
0.1451510642 0.2259462902 0.3477680064 0.5112192319 0.7038351108 0.8983215969 1.057358985 1.144811777 1.138995567 1.04138928 0.87602612 0.6799046263 0.4896299493 0.3308220456 0.2141748326 0.1378442665 0.09301814851 0.06928064083 0.05790901991 0.05296930855 0.05335631216 0.05884510494 0.07133413742 0.09709541639
0.5440851997 0.3866997178 0.2599979794 0.1698723265 0.1126259328 0.07994476694 0.06310445976 0.05524866387 0.05192402122 0.05376671592 0.05969241376 0.07282614008 0.09919992797 0.1470572342 0.2252357896 0.3395670652 0.4879322963 0.6561725131 0.8179217351 0.9403671652 0.9948280256 0.967630528 0.8656698229 0.7135786314
0.1427079487 0.09622810277 0.07109728766 0.0588120841 0.05336869815 0.05251246842 0.05674205141 0.06655827011 0.08721939592 0.1265693805 0.1941691714 0.2984397742 0.4418332671 0.6156046092 0.7972329764 0.9535050305 1.04985397 1.062684194 0.9887348532 0.8464221115 0.6684080455 0.4894792839 0.3358466722 0.2201607256
0.4689497845 0.6178599837 0.7544529869 0.8498236096 0.8811279354 0.8404474365 0.738033471 0.5981224523 0.4496474753 0.3166907854 0.2128809907 0.1410467085 0.0965789348 0.07180953019 0.05934618825 0.05366567699 0.0515158632 0.05417337742 0.06051590777 0.07425142882 0.1011869612 0.1488809934 0.2248226702 0.3328877441
0.8086013603 0.9809803247 1.095680101 1.12495093 1.06136959 0.920888585 0.7363517736 0.5450651754 0.3768206209 0.2474640221 0.1591937955 0.1052636291 0.07559836901 0.0608521714 0.05421068206 0.05223144988 0.05607758337 0.06514977446 0.08456311417 0.1221690552 0.1879178976 0.2912246542 0.4361483756 0.6157416943
0.05253681658 0.05245695719 0.0565186184 0.06582869031 0.0851775721 0.1215514099 0.1831993134 0.2769432299 0.4038864481 0.5550589692 0.7097079221 0.8386653596 0.9129095746 0.9141104655 0.8419626455 0.7143112169 0.5599997095 0.408343662 0.2804416527 0.1856293531 0.1230596951 0.08601915126 0.06625251405 0.05671180115
0.9100801759 0.6977118888 0.4964329645 0.3316190939 0.2125920826 0.1359148323 0.09154974417 0.0683907744 0.05745011773 0.05276221646 0.05416428757 0.06083785331 0.07581530619 0.1062785304 0.1622896349 0.2550539067 0.3927108713 0.5742267392 0.7839084924 0.9903642547 1.152761935 1.23358343 1.212645839 1.095267535
0.05258319832 0.05688148642 0.06677792382 0.08743912032 0.1264617984 0.1929206018 0.2944987369 0.4328158039 0.5985731566 0.7694667067 0.9136112805 0.9987621845 1.003954985 0.9278692812 0.7893724742 0.6199387159 0.452091133 0.3096284546 0.2034304417 0.1329855044 0.0910794288 0.06861135569 0.05771725903 0.0529287318
0.05531339804 0.06351752406 0.08147410621 0.1170719784 0.1808158246 0.2835129143 0.4314986283 0.6204354574 0.8306412565 1.027750265 1.170819919 1.225913005 1.179135345 1.042312052 0.8481453457 0.6375531513 0.4458619774 0.2941023021 0.1877626269 0.1211577834 0.08363913835 0.06455454956 0.05576347125 0.05208881967
0.9053713809 0.7531183035 0.5789730512 0.4142253304 0.2795293358 0.1823846738 0.1198825388 0.08376222768 0.06492880242 0.0560415768 0.05223772692 0.05345270286 0.0589768501 0.07136093202 0.09652087523 0.1427271714 0.2191599711 0.3324357368 0.481591764 0.6536123331 0.8226352464 0.9551538083 1.020513778 1.00238486
0.05533053126 0.05193147455 0.05493880408 0.06256169594 0.07924194193 0.1123010833 0.1714832614 0.2668047245 0.404121664 0.5793802154 0.7742931396 0.956969102 1.089446325 1.140292687 1.096684001 0.9696435467 0.7895285158 0.5942792499 0.4166233195 0.2760215497 0.1775296205 0.1158572726 0.08112632659 0.06346428994
0.7922991278 0.8843297271 0.9082779209 0.8580711814 0.7463101919 0.5991453885 0.4463723805 0.3118489786 0.2083178339 0.1376072906 0.09436925273 0.07056626539 0.05872489505 0.05338763368 0.05176693803 0.05481576774 0.06201271581 0.07742510677 0.1073042598 0.1595864714 0.2418043416 0.357249638 0.5004595322 0.6544378304
0.5994711748 0.7790074383 0.9352184561 1.033785497 1.050649142 0.9815253839 0.8436682657 0.6688918916 0.4916945347 0.3385098954 0.2224768677 0.1443696741 0.09725693047 0.07165858191 0.05908502199 0.05348781469 0.05235928792 0.05635793885 0.06568134121 0.08539822768 0.1231326459 0.1882841838 0.2893123933 0.4290437362
0.2141113937 0.1415991511 0.09679243218 0.07187717521 0.05936134661 0.05366620599 0.05156844294 0.05431176659 0.06084858802 0.07498173788 0.1026506252 0.1515584053 0.2292914868 0.3396909446 0.4783922703 0.6298021053 0.7682066221 0.8642363327 0.8948566081 0.8523188362 0.7473365469 0.6047142474 0.4538570508 0.31910234
0.6806916128 0.4889976119 0.3296653849 0.2130597336 0.1370134116 0.09249688724 0.06899588358 0.05777129389 0.05290976974 0.05349876812 0.05919577706 0.07212040941 0.09870004292 0.1481289117 0.2309656203 0.3554405021 0.5218333446 0.7170864032 0.9131911993 1.072264723 1.158029185 1.149184209 1.047978573 0.8792842338
0.2230692662 0.3359636558 0.4824472938 0.6485314598 0.8081798478 0.9290001439 0.9826895502 0.9557674947 0.8550591801 0.7048929834 0.537578249 0.3822383529 0.2571985261 0.1682646671 0.1117809841 0.07953833993 0.06292554315 0.05517658055 0.05189744241 0.05372166554 0.05957570929 0.07254945344 0.09859958292 0.1458650977
0.09442231921 0.1398871567 0.2164659879 0.3321531074 0.4876990643 0.6714380678 0.8575167597 1.010365812 1.095329707 1.091361098 0.9994691582 0.8423039659 0.6551098922 0.4729686031 0.3205910731 0.208434681 0.1349021128 0.09164071691 0.0686917237 0.05767912899 0.05288739386 0.05315137959 0.05831769069 0.07009260605
0.2532581273 0.1664763023 0.1110883909 0.0793231925 0.06288235528 0.05517977326 0.05190615267 0.05341300126 0.05881640155 0.07084384007 0.09510197477 0.1393192027 0.2118920692 0.3185577967 0.4577382095 0.6165738337 0.7705482549 0.8886892629 0.9434506127 0.9211069408 0.8273271786 0.6848449752 0.5245292369 0.3746307987
0.09612111914 0.07070804018 0.05850960923 0.05320045474 0.05347313938 0.05916921735 0.07215510326 0.09899443402 0.1491633446 0.2336906468 0.3614256473 0.533229193 0.7362516571 0.9419594365 1.111055884 1.205215126 1.201115578 1.099799716 0.9262447434 0.7193848144 0.5180128114 0.3494822466 0.2253944627 0.1440139133
0.2854885263 0.4226443782 0.5896980519 0.7653829461 0.9178761835 1.013625787 1.029243081 0.9607602451 0.8252630302 0.6539841454 0.480658931 0.3310430392 0.2178586258 0.1417584246 0.09590708217 0.07102058926 0.05880930279 0.0533788557 0.05233443284 0.05628517644 0.06548763191 0.08492882844 0.1220965486 0.1861997735
1.144032301 1.173891194 1.106695474 0.9592993522 0.7661357775 0.5661968101 0.3905388904 0.2556125277 0.1636223804 0.1074658255 0.07660032059 0.06126926388 0.05436953961 0.05235218154 0.05640204837 0.06594771705 0.08635880055 0.1258668458 0.1948858473 0.3032394471 0.4551055595 0.6431117199 0.8447604802 1.024692168
0.05758862414 0.05288649231 0.05241579048 0.05645022125 0.06576236617 0.08525329114 0.1221621359 0.1851918609 0.2818051965 0.4137703056 0.5724717072 0.7367991758 0.8762818413 0.9598255051 0.9668946974 0.8956920935 0.7638986074 0.6015593548 0.4400133114 0.3024050619 0.1995023938 0.1310456459 0.09021079726 0.06825942664
1.052791233 0.9347847268 0.7644900111 0.5780635135 0.4071968462 0.2711365482 0.1752982171 0.114977158 0.08083954691 0.06339635723 0.05532594781 0.05193793207 0.05449923811 0.0614918144 0.07686393839 0.1074754286 0.1625450011 0.2516980296 0.3808327974 0.5466459682 0.7323649739 0.9080606654 1.037530952 1.090195319
0.05714539648 0.06707449274 0.08734227246 0.124745514 0.1869307469 0.2795875198 0.4023116721 0.5448086032 0.6860319138 0.7982591367 0.8556689099 0.8439490558 0.7660776576 0.6410974227 0.4965699169 0.3587815312 0.245409028 0.1631799215 0.1099964574 0.07910806133 0.06292505535 0.05525270482 0.05195373221 0.05273675745
